timestamp,prodi,jenis_kelamin,umur,suku,kabupaten,provinsi,asal_sekolah,jurusan_sekolah,ipk,kondisi_ekonomi,pendidikan_ayah,pendidikan_ibu,pekerjaan_ayah,pekerjaan_ibu,pendapatan_ayah,pendapatan_ibu,topik_minat,media_belajar,target_memproses,target_menerima,target_menyerap,target_memahami,durasi_belajar,motivasi,motivasi_lainnya,jurusan_std,kabupaten_std,jenis_kelamin_enc,jurusan_sekolah_enc,kabupaten_enc,pendapatan_ayah_enc,pendapatan_ibu_enc,durasi_belajar_enc,ipk_enc,ipk_kategori,media_buku,media_slide,media_video,media_interaktif,media_platform,media_forum,media_coding
2026-07-02 14:48:17.176,Teknik Informatika,Laki - Laki,19,Bugis,Kota Makassar,Sulawesi Selatan,SMA Negeri 17 Makassar,IPA,3.73,Menengah,D4 / S1,SMA,Karyawan Swasta,Tidak bekerja / Pensiunan,Rp 5.000.000 - Rp 8.000.000 per bulan,Kurang dari Rp 2.000.000 per bulan,"Data dan Kecerdasan Buatan (Basis Data, Kecerdasan Buatan, Machine Learning, Data Mining)","Video pembelajaran (YouTube, e-learning, dll.), Website atau platform pembelajaran daring (Coursera, Udemy, Dicoding, dll.), Coding platform atau IDE (misalnya: repl.it, Jupyter, VS Code)",Active,Intuitive,Visual,Global,30 menit - 1 jam,Peningkatan keterampilan,-,IPA,Makassar,0,2,8,3,1,2,3.73,3.50–4.00,0,0,1,0,1,0,1
2026-07-02 14:41:29.616,Teknik Informatika,Laki - Laki,19,Bugis,Bone,Sulawesi Selatan,SMA Negri 22 Makassar,IPA,3.6,Menengah,D4 / S1,D4 / S1,Pegawai Negeri Sipil (PNS),Pegawai Negeri Sipil (PNS),Rp 5.000.000 - Rp 8.000.000 per bulan,Rp 5.000.000 - Rp 8.000.000 per bulan,"Pengembangan Perangkat Lunak (Pemrograman, Rekayasa Perangkat Lunak, Pengembangan Web & Aplikasi Mobile)","Video pembelajaran (YouTube, e-learning, dll.), Website atau platform pembelajaran daring (Coursera, Udemy, Dicoding, dll.)",Reflective,Intuitive,Visual,Global,1 - 2 jam,Tantangan akademis,-,IPA,Bone,0,2,0,3,3,3,3.6,3.50–4.00,0,0,1,0,1,0,0
2026-07-01 19:16:35.264,Teknik Informatika,Perempuan,22,Betawi,kepulauan seribu,Jakarta,SMA NEGERI 69 JAKARTA,IPA,3.8,Tinggi,S3,D4 / S1,Karyawan Swasta,Pedagang / Wiraswasta,Lebih dari Rp. 8.000.000 per bulan,Rp 5.000.000 - Rp 8.000.000 per bulan,"Sistem dan Jaringan Komputer (Jaringan Komputer, Sistem Operasi, Cloud Computing, Keamanan Siber)","Slide presentasi (PowerPoint) dari dosen, Video pembelajaran (YouTube, e-learning, dll.), Media interaktif (simulasi, animasi, aplikasi edukasi)",Reflective,Sensing,Verbal,Global,30 menit - 1 jam,Peningkatan keterampilan,nothing,IPA,Lainnya,1,2,5,4,3,2,3.8,3.50–4.00,0,1,1,1,0,0,0
2026-07-01 19:02:33.941,Teknik Informatika,Perempuan,20,Makassar ,Makassar ,sulsel,SMAS UMMUL MUKMININ ,IPA,3.94,Menengah,D4 / S1,D4 / S1,Tidak bekerja / Pensiunan,Pegawai Negeri Sipil (PNS),Rp 5.000.000 - Rp 8.000.000 per bulan,Rp 5.000.000 - Rp 8.000.000 per bulan,"Sistem dan Jaringan Komputer (Jaringan Komputer, Sistem Operasi, Cloud Computing, Keamanan Siber)","Slide presentasi (PowerPoint) dari dosen, Forum diskusi online atau grup belajar (WhatsApp, Telegram, LMS, dll.)",Active,Sensing,Visual,Sequential,30 menit - 1 jam,Tantangan akademis,.,IPA,Makassar,1,2,8,3,3,2,3.94,3.50–4.00,0,1,0,0,0,1,0
2026-07-01 17:29:37.762,Teknik Informatika,Laki - Laki,23,Jawa,Jepara,Jawa Tengah,Sman 14 gowa,IPA,3.96,Menengah,SMA,SMA,Pedagang / Wiraswasta,Pedagang / Wiraswasta,Lebih dari Rp. 8.000.000 per bulan,Lebih dari Rp. 8.000.000 per bulan,"Data dan Kecerdasan Buatan (Basis Data, Kecerdasan Buatan, Machine Learning, Data Mining)","Video pembelajaran (YouTube, e-learning, dll.), Coding platform atau IDE (misalnya: repl.it, Jupyter, VS Code)",Active,Sensing,Visual,Global,1 - 2 jam,Peningkatan keterampilan,-,IPA,Lainnya,0,2,5,4,4,3,3.96,3.50–4.00,0,0,1,0,0,0,1
2026-07-01 17:00:29.870,Teknik Informatika,Laki - Laki,21,Buton,Kambu,SULAWESI TENGGARA,SMA 2 kendari,IPA,3.3,Menengah,SMA,SMA,Karyawan Swasta,Karyawan Swasta,Rp 2.000.000 - Rp 5.000.000 per bulan,Rp 2.000.000 - Rp 5.000.000 per bulan,"Sistem dan Jaringan Komputer (Jaringan Komputer, Sistem Operasi, Cloud Computing, Keamanan Siber)","Video pembelajaran (YouTube, e-learning, dll.)",Active,Sensing,Visual,Sequential,30 menit - 1 jam,Other..,.,IPA,Lainnya,0,2,5,2,2,2,3.3,3.00–3.50,0,0,1,0,0,0,0
2026-07-01 15:53:07.705,Sistem Informasi,Laki - Laki,18,Kalisusu,Nabire,Papua Tengah,SMAN 1 KALISUSU,IPA,3.7,Menengah,SMA,SMA,Pedagang / Wiraswasta,Pedagang / Wiraswasta,Rp 2.000.000 - Rp 5.000.000 per bulan,Rp 2.000.000 - Rp 5.000.000 per bulan,"Data dan Kecerdasan Buatan (Basis Data, Kecerdasan Buatan, Machine Learning, Data Mining)",Slide presentasi (PowerPoint) dari dosen,Reflective,Sensing,Verbal,Global,1 - 2 jam,Penghargaan atau sertifikat,tidak ada,IPA,Lainnya,0,2,5,2,2,3,3.7,3.50–4.00,0,1,0,0,0,0,0
2026-07-01 15:46:57.338,Teknik Informatika,Perempuan,20,luwu,Baebunta,sulawesi selatan,SMAN 8 Luwu Utara,IPA,3 ke atas,Menengah,SMA,SMA,Pedagang / Wiraswasta,Tidak bekerja / Pensiunan,Lebih dari Rp. 8.000.000 per bulan,Kurang dari Rp 2.000.000 per bulan,"Pengembangan Perangkat Lunak (Pemrograman, Rekayasa Perangkat Lunak, Pengembangan Web & Aplikasi Mobile)","Media interaktif (simulasi, animasi, aplikasi edukasi), Forum diskusi online atau grup belajar (WhatsApp, Telegram, LMS, dll.), Coding platform atau IDE (misalnya: repl.it, Jupyter, VS Code)",Active,Sensing,Visual,Sequential,30 menit - 1 jam,Peningkatan keterampilan,lainnya,IPA,Lainnya,1,2,5,4,1,2,3.71,3.50–4.00,0,0,0,1,0,1,1
2026-07-01 15:41:46.380,Teknik Informatika,Laki - Laki,21,Bugis,Sidenreng Rappang,Sulawesi Selatan,SMAN 7 Sidrap,IPS,3.9,Menengah,SMA,SMP,Buruh / Petani / Nelayan,Tidak bekerja / Pensiunan,Rp 2.000.000 - Rp 5.000.000 per bulan,Kurang dari Rp 2.000.000 per bulan,"Sistem dan Jaringan Komputer (Jaringan Komputer, Sistem Operasi, Cloud Computing, Keamanan Siber)","Video pembelajaran (YouTube, e-learning, dll.), Media interaktif (simulasi, animasi, aplikasi edukasi), Forum diskusi online atau grup belajar (WhatsApp, Telegram, LMS, dll.)",Reflective,Sensing,Visual,Sequential,30 menit - 1 jam,Peningkatan keterampilan,-,IPS,Lainnya,0,3,5,2,1,2,3.9,3.50–4.00,0,0,1,1,0,1,0
2026-07-01 15:40:48.996,Teknik Informatika,Perempuan,21,Bugis,Enrekang,SULAWESI SELATAN,SMA 1 Enrekang,IPA,3.87,Menengah,SMP,D3,Buruh / Petani / Nelayan,Tidak bekerja / Pensiunan,Rp 2.000.000 - Rp 5.000.000 per bulan,Kurang dari Rp 2.000.000 per bulan,"Sistem dan Jaringan Komputer (Jaringan Komputer, Sistem Operasi, Cloud Computing, Keamanan Siber)","Buku teks atau modul cetak, Media interaktif (simulasi, animasi, aplikasi edukasi), Website atau platform pembelajaran daring (Coursera, Udemy, Dicoding, dll.)",Active,Sensing,Visual,Sequential,30 menit - 1 jam,Penghargaan atau sertifikat,-,IPA,Enrekang,1,2,1,2,1,2,3.87,3.50–4.00,1,0,0,1,1,0,0
2026-07-01 15:31:42.818,Teknik Informatika,Perempuan,20,Luwu,Luwu Timur ,Sulawesi Selatan ,SMAS Datok sulaiman Palopo ,IPS,3.62,Menengah,SD,SMP,Buruh / Petani / Nelayan,Tidak bekerja / Pensiunan,Rp 2.000.000 - Rp 5.000.000 per bulan,Rp 2.000.000 - Rp 5.000.000 per bulan,"Data dan Kecerdasan Buatan (Basis Data, Kecerdasan Buatan, Machine Learning, Data Mining)","Video pembelajaran (YouTube, e-learning, dll.)",Active,Sensing,Verbal,Sequential,30 menit - 1 jam,Peningkatan keterampilan,-,IPS,Luwu Timur,1,3,7,2,2,2,3.62,3.50–4.00,0,0,1,0,0,0,0
2026-07-01 14:47:50.492,Teknik Informatika,Perempuan,21,Bugis ,Maros,Sulawesi Selatan ,MAN 1 BONE,IPS,3.5,Menengah,SMA,SMP,Pegawai Negeri Sipil (PNS),Tidak bekerja / Pensiunan,Rp 5.000.000 - Rp 8.000.000 per bulan,Kurang dari Rp 2.000.000 per bulan,"Sistem dan Jaringan Komputer (Jaringan Komputer, Sistem Operasi, Cloud Computing, Keamanan Siber)","Video pembelajaran (YouTube, e-learning, dll.)",Reflective,Sensing,Visual,Sequential,Lebih dari 2 jam,Tantangan akademis,.,IPS,Maros,1,3,11,3,1,4,3.5,3.50–4.00,0,0,1,0,0,0,0
2026-07-01 14:40:09.331,Teknik Informatika,Perempuan,20,Bugis,Banggai,Sulawesi tengah,SMAN 1 Toili Barat,IPA,"3,9",Menengah,SMA,SMA,Pedagang / Wiraswasta,Pedagang / Wiraswasta,Kurang dari Rp 2.000.000 per bulan,Kurang dari Rp 2.000.000 per bulan,"Data dan Kecerdasan Buatan (Basis Data, Kecerdasan Buatan, Machine Learning, Data Mining)","Video pembelajaran (YouTube, e-learning, dll.)",Active,Sensing,Visual,Sequential,30 menit - 1 jam,Peningkatan keterampilan,.,IPA,Lainnya,1,2,5,1,1,2,3.9,3.50–4.00,0,0,1,0,0,0,0
2026-07-01 13:21:58.694,Sistem Informasi,Perempuan,18,bugis,sinjai,Sulawesi Selatan ,SMA 10 SINJAI,IPS,"3,76",Menengah,SD,SD,Tidak bekerja / Pensiunan,Tidak bekerja / Pensiunan,Kurang dari Rp 2.000.000 per bulan,Kurang dari Rp 2.000.000 per bulan,"Data dan Kecerdasan Buatan (Basis Data, Kecerdasan Buatan, Machine Learning, Data Mining)",Buku teks atau modul cetak,Active,Sensing,Visual,Global,30 menit - 1 jam,Peningkatan keterampilan,tidak ada,IPS,Sinjai,1,3,15,1,1,2,3.76,3.50–4.00,1,0,0,0,0,0,0
2026-07-01 13:16:09.681,Teknik Informatika,Perempuan,22,Bugis,Sinjai,Sulawesi Selatan,SMAN1 SINJAI,IPA,3.79,Menengah,SMA,D4 / S1,Buruh / Petani / Nelayan,Tidak bekerja / Pensiunan,Kurang dari Rp 2.000.000 per bulan,Rp 5.000.000 - Rp 8.000.000 per bulan,"Sistem dan Jaringan Komputer (Jaringan Komputer, Sistem Operasi, Cloud Computing, Keamanan Siber)","Forum diskusi online atau grup belajar (WhatsApp, Telegram, LMS, dll.), Website atau platform pembelajaran daring (Coursera, Udemy, Dicoding, dll.)",Reflective,Sensing,Visual,Sequential,30 menit - 1 jam,Peningkatan keterampilan,Tidak ada,IPA,Sinjai,1,2,15,1,3,2,3.79,3.50–4.00,0,0,0,0,1,1,0
2026-07-01 12:59:48.916,Teknik Informatika,Laki - Laki,21,Mandar,Morowali,Sulteng,Ma syawirdahlan,IPA,3.5,Menengah,SMA,SMA,Profesional (Dokter / Pengacara / dll.),Profesional (Dokter / Pengacara / dll.),Lebih dari Rp. 8.000.000 per bulan,Kurang dari Rp 2.000.000 per bulan,"Pengembangan Perangkat Lunak (Pemrograman, Rekayasa Perangkat Lunak, Pengembangan Web & Aplikasi Mobile)","Video pembelajaran (YouTube, e-learning, dll.), Media interaktif (simulasi, animasi, aplikasi edukasi), Forum diskusi online atau grup belajar (WhatsApp, Telegram, LMS, dll.)",Active,Sensing,Visual,Global,30 menit - 1 jam,Penghargaan atau sertifikat,-,IPA,Morowali,0,2,12,4,1,2,3.5,3.50–4.00,0,0,1,1,0,1,0
2026-07-01 12:59:19.312,Teknik Informatika,Laki - Laki,20,Bugis,Luwu utara,Sulawesi selatan,Sma 4 Bone bone,IPA,"3,7",Menengah,SMP,SMA,Pedagang / Wiraswasta,Pedagang / Wiraswasta,Lebih dari Rp. 8.000.000 per bulan,Lebih dari Rp. 8.000.000 per bulan,"Pengembangan Perangkat Lunak (Pemrograman, Rekayasa Perangkat Lunak, Pengembangan Web & Aplikasi Mobile)","Video pembelajaran (YouTube, e-learning, dll.), Forum diskusi online atau grup belajar (WhatsApp, Telegram, LMS, dll.)",Reflective,Intuitive,Verbal,Global,30 menit - 1 jam,Tantangan akademis,-,IPA,Lainnya,0,2,5,4,4,2,3.7,3.50–4.00,0,0,1,0,0,1,0
2026-07-01 12:58:13.656,Teknik Informatika,Laki - Laki,21,Bugis,Bone,Sulawesi Selatan,SMAN 4 BONE,IPS,3.8,Menengah,D4 / S1,S2,TNI / Polri,Profesional (Dokter / Pengacara / dll.),Lebih dari Rp. 8.000.000 per bulan,Lebih dari Rp. 8.000.000 per bulan,"Pengembangan Perangkat Lunak (Pemrograman, Rekayasa Perangkat Lunak, Pengembangan Web & Aplikasi Mobile)","Slide presentasi (PowerPoint) dari dosen, Media interaktif (simulasi, animasi, aplikasi edukasi)",Active,Intuitive,Visual,Global,30 menit - 1 jam,Peningkatan keterampilan,.,IPS,Bone,0,3,0,4,4,2,3.8,3.50–4.00,0,1,0,1,0,0,0
2026-05-09 16:45:55.656,Teknik Informatika,Laki - Laki,19 tahun,Bugis,Sigi,Sulawesi Tengah,Smkn 3 Palu,TKJ,3.6,Menengah,SMA,D4 / S1,TNI / Polri,Pegawai Negeri Sipil (PNS),Rp 2.000.000 - Rp 5.000.000 per bulan,Rp 2.000.000 - Rp 5.000.000 per bulan,"Teknologi dan Inovasi Digital (Robotika, Internet of Things, Blockchain, Teknologi Baru lainnya)","Website atau platform pembelajaran daring (Coursera, Udemy, Dicoding, dll.)",Active,Sensing,Visual,Sequential,1 - 2 jam,Peningkatan keterampilan,tidak adaa,TKJ,Lainnya,0,9,5,2,2,3,3.6,3.50–4.00,0,0,0,0,1,0,0
2026-05-01 17:10:11.538,Sistem Informasi,Perempuan,19,Bugis,KOTA MAKASSAR,SULAWESI SELATAN,SMA Negeri 2 Makassar,kurikulum merdeka,3,Menengah,D4 / S1,D4 / S1,Pedagang / Wiraswasta,Pegawai Negeri Sipil (PNS),Rp 2.000.000 - Rp 5.000.000 per bulan,Rp 5.000.000 - Rp 8.000.000 per bulan,"Sistem dan Jaringan Komputer (Jaringan Komputer, Sistem Operasi, Cloud Computing, Keamanan Siber)","Buku teks atau modul cetak, Slide presentasi (PowerPoint) dari dosen",Active,Sensing,Visual,Sequential,30 menit - 1 jam,Penghargaan atau sertifikat,tidak ada,Kurikulum Merdeka,Makassar,1,5,8,2,3,2,3.0,3.00–3.50,1,1,0,0,0,0,0
2026-04-30 08:56:01.247,Sistem Informasi,Laki - Laki,19,Makassar,Gowa,Sulawesi Selatan,SMKN3 MAKASSAR,Teknik Kendaraan Ringan,1,Tinggi,SMA,SMA,Karyawan Swasta,Karyawan Swasta,Rp 5.000.000 - Rp 8.000.000 per bulan,Rp 5.000.000 - Rp 8.000.000 per bulan,"Pengembangan Perangkat Lunak (Pemrograman, Rekayasa Perangkat Lunak, Pengembangan Web & Aplikasi Mobile)","Buku teks atau modul cetak, ",Active,Sensing,Visual,Sequential,Lebih dari 2 jam,Peningkatan keterampilan,-,Lainnya,Gowa,0,6,2,3,3,4,1.0,< 2.75,1,0,0,0,0,0,0
2026-04-29 17:41:57.167,Teknik Informatika,Laki - Laki,22,Bugis makassar,Makassar,Sulawesi Selatan ,SMAN 21 MAKASSAR,IPS,3.88,Menengah,SMP,SMP,Pedagang / Wiraswasta,Tidak bekerja / Pensiunan,Kurang dari Rp 2.000.000 per bulan,Rp 2.000.000 - Rp 5.000.000 per bulan,"Data dan Kecerdasan Buatan (Basis Data, Kecerdasan Buatan, Machine Learning, Data Mining)","Video pembelajaran (YouTube, e-learning, dll.), Website atau platform pembelajaran daring (Coursera, Udemy, Dicoding, dll.), Coding platform atau IDE (misalnya: repl.it, Jupyter, VS Code)",Active,Intuitive,Visual,Sequential,1 - 2 jam,Peningkatan keterampilan,-,IPS,Makassar,0,3,8,1,2,3,3.88,3.50–4.00,0,0,1,0,1,0,1
2026-04-29 17:35:33.296,Lainnya:,Laki - Laki,23,-,Gowa,Sulawesi selatan,SMAN 9 MAKASSAR,IPA,3.23,Menengah,S2,SMA,Tidak bekerja / Pensiunan,Tidak bekerja / Pensiunan,Rp 2.000.000 - Rp 5.000.000 per bulan,Kurang dari Rp 2.000.000 per bulan,"Data dan Kecerdasan Buatan (Basis Data, Kecerdasan Buatan, Machine Learning, Data Mining)","Media interaktif (simulasi, animasi, aplikasi edukasi)",Reflective,Sensing,Visual,Sequential,1 - 2 jam,Other..,Sesuai mood 😅,IPA,Gowa,0,2,2,2,1,3,3.23,3.00–3.50,0,0,0,1,0,0,0
2026-04-29 17:21:25.603,Teknik Informatika,Laki - Laki,21,Buton,Buton Selata,Sulawesi Tenggara ,SMAN 1 SIOMPU Barat ,IPA,3.88,Menengah,SMP,SMA,Pedagang / Wiraswasta,Pedagang / Wiraswasta,Rp 5.000.000 - Rp 8.000.000 per bulan,Rp 2.000.000 - Rp 5.000.000 per bulan,"Pengembangan Perangkat Lunak (Pemrograman, Rekayasa Perangkat Lunak, Pengembangan Web & Aplikasi Mobile)","Buku teks atau modul cetak, Video pembelajaran (YouTube, e-learning, dll.), Media interaktif (simulasi, animasi, aplikasi edukasi), Forum diskusi online atau grup belajar (WhatsApp, Telegram, LMS, dll.), Website atau platform pembelajaran daring (Coursera, Udemy, Dicoding, dll.)",Active,Sensing,Visual,Sequential,Lebih dari 2 jam,Tantangan akademis,-,IPA,Lainnya,0,2,5,3,2,4,3.88,3.50–4.00,1,0,1,1,1,1,0
2026-04-29 15:36:30.065,Sistem Informasi,Perempuan,18,Bugis,Sinjai,Sulawesi Selatan,SMK Telkom Makassar,RPL,4,Menengah,D4 / S1,SMA,Tidak bekerja / Pensiunan,Profesional (Dokter / Pengacara / dll.),Rp 2.000.000 - Rp 5.000.000 per bulan,Lebih dari Rp. 8.000.000 per bulan,"Data dan Kecerdasan Buatan (Basis Data, Kecerdasan Buatan, Machine Learning, Data Mining)","Buku teks atau modul cetak, Slide presentasi (PowerPoint) dari dosen, Video pembelajaran (YouTube, e-learning, dll.), Media interaktif (simulasi, animasi, aplikasi edukasi), Website atau platform pembelajaran daring (Coursera, Udemy, Dicoding, dll.), Coding platform atau IDE (misalnya: repl.it, Jupyter, VS Code)",Reflective,Sensing,Visual,Global,30 menit - 1 jam,Peningkatan keterampilan,-,RPL,Sinjai,1,8,15,2,4,2,4.0,3.50–4.00,1,1,1,1,1,0,1
2026-04-29 15:28:09.080,Sistem Informasi,Perempuan,19,Bugis,Soppeng,Sulsel,Smantig soppeng,IPA,3.5,Menengah,D4 / S1,SMA,Buruh / Petani / Nelayan,Tidak bekerja / Pensiunan,Rp 2.000.000 - Rp 5.000.000 per bulan,Kurang dari Rp 2.000.000 per bulan,"Data dan Kecerdasan Buatan (Basis Data, Kecerdasan Buatan, Machine Learning, Data Mining)",Buku teks atau modul cetak,Active,Sensing,Verbal,Sequential,1 - 2 jam,Tantangan akademis,-,IPA,Lainnya,1,2,5,2,1,3,3.5,3.50–4.00,1,0,0,0,0,0,0
2026-04-29 15:24:37.174,Teknik Informatika,Laki - Laki,23 Tahun,Bugis,Kota Makassar ,Sulawesi Selatan ,Man 1 Kota Makassar ,IPA,3.72,Menengah,S2,D4 / S1,Tidak bekerja / Pensiunan,Tidak bekerja / Pensiunan,Kurang dari Rp 2.000.000 per bulan,Kurang dari Rp 2.000.000 per bulan,"Komputasi Visual dan Interaksi (Pengolahan Citra Digital, Computer Vision, Interaksi Manusia dan Komputer, Multimedia)","Slide presentasi (PowerPoint) dari dosen, Media interaktif (simulasi, animasi, aplikasi edukasi)",Active,Sensing,Visual,Sequential,30 menit - 1 jam,Peningkatan keterampilan,0,IPA,Makassar,0,2,8,1,1,2,3.72,3.50–4.00,0,1,0,1,0,0,0
2026-04-29 15:17:23.313,Sistem Informasi,Laki - Laki,18,mapanget,kota manado,sulawesi utara,sma n 1 kotamobagu,IPS,tidak ada,Menengah,SMA,D4 / S1,Buruh / Petani / Nelayan,Pegawai Negeri Sipil (PNS),Kurang dari Rp 2.000.000 per bulan,Kurang dari Rp 2.000.000 per bulan,"Data dan Kecerdasan Buatan (Basis Data, Kecerdasan Buatan, Machine Learning, Data Mining)","Forum diskusi online atau grup belajar (WhatsApp, Telegram, LMS, dll.)",Active,Sensing,Visual,Global,30 menit - 1 jam,Penghargaan atau sertifikat,tidak ad,IPS,Lainnya,0,3,5,1,1,2,3.71,3.50–4.00,0,0,0,0,0,1,0
2026-04-29 15:11:49.556,Sistem Informasi,Laki - Laki,23,Makassar,Makassar,SULAWESI SELATAN,SMAN 11 MAKASSAR,IPA,3.94,Menengah,SMA,SMA,TNI / Polri,Tidak bekerja / Pensiunan,Rp 2.000.000 - Rp 5.000.000 per bulan,Kurang dari Rp 2.000.000 per bulan,"Teknologi dan Inovasi Digital (Robotika, Internet of Things, Blockchain, Teknologi Baru lainnya)","Video pembelajaran (YouTube, e-learning, dll.), Media interaktif (simulasi, animasi, aplikasi edukasi), Website atau platform pembelajaran daring (Coursera, Udemy, Dicoding, dll.)",Active,Sensing,Visual,Sequential,30 menit - 1 jam,Peningkatan keterampilan,-,IPA,Makassar,0,2,8,2,1,2,3.94,3.50–4.00,0,0,1,1,1,0,0
2026-04-29 15:08:03.164,Teknik Informatika,Laki - Laki,21,Bugis,Pangkep,SulawesiSelatan,SMAN 2 Pangkep,IPS,3.9,Menengah,SD,SMA,Pedagang / Wiraswasta,Tidak bekerja / Pensiunan,Rp 2.000.000 - Rp 5.000.000 per bulan,Kurang dari Rp 2.000.000 per bulan,"Data dan Kecerdasan Buatan (Basis Data, Kecerdasan Buatan, Machine Learning, Data Mining)","Video pembelajaran (YouTube, e-learning, dll.)",Reflective,Sensing,Visual,Sequential,1 - 2 jam,Peningkatan keterampilan,-,IPS,Pangkep,0,3,13,2,1,3,3.9,3.50–4.00,0,0,1,0,0,0,0
2026-04-29 14:59:37.531,Lainnya:,Perempuan,21,Bugis,Kota Jayapura,Papua,SMA N 4 Jayapura,IPA,3.9,Menengah,SMA,SMA,Pedagang / Wiraswasta,Tidak bekerja / Pensiunan,Rp 2.000.000 - Rp 5.000.000 per bulan,Kurang dari Rp 2.000.000 per bulan,"Data dan Kecerdasan Buatan (Basis Data, Kecerdasan Buatan, Machine Learning, Data Mining)","Slide presentasi (PowerPoint) dari dosen, Video pembelajaran (YouTube, e-learning, dll.)",Active,Intuitive,Verbal,Sequential,1 - 2 jam,Peningkatan keterampilan,-,IPA,Lainnya,1,2,5,2,1,3,3.9,3.50–4.00,0,1,1,0,0,0,0
2026-04-29 14:46:13.406,Teknik Informatika,Laki - Laki,22 Tahun,Bugis,Kendari,Sulawesi Tenggara,SMAN 02 Kendari,IPA,"3,70",Menengah,D4 / S1,SMA,Pegawai Negeri Sipil (PNS),Pedagang / Wiraswasta,Rp 5.000.000 - Rp 8.000.000 per bulan,Rp 2.000.000 - Rp 5.000.000 per bulan,"Komputasi Visual dan Interaksi (Pengolahan Citra Digital, Computer Vision, Interaksi Manusia dan Komputer, Multimedia)","Slide presentasi (PowerPoint) dari dosen, Website atau platform pembelajaran daring (Coursera, Udemy, Dicoding, dll.)",Active,Sensing,Visual,Sequential,1 - 2 jam,Peningkatan keterampilan,-,IPA,Kendari,0,2,3,3,2,3,3.7,3.50–4.00,0,1,0,0,1,0,0
2026-04-29 14:34:04.956,Teknik Informatika,Perempuan,20,Bugis,Luwu Timur,Sulawesi Selatan,MAS Nurul Junaidiyah Lauwo,IPA,3.61,Menengah,SMA,SD,Tidak bekerja / Pensiunan,Pedagang / Wiraswasta,Kurang dari Rp 2.000.000 per bulan,Kurang dari Rp 2.000.000 per bulan,"Pengembangan Perangkat Lunak (Pemrograman, Rekayasa Perangkat Lunak, Pengembangan Web & Aplikasi Mobile)","Video pembelajaran (YouTube, e-learning, dll.)",Reflective,Intuitive,Visual,Global,30 menit - 1 jam,Tantangan akademis,.,IPA,Luwu Timur,1,2,7,1,1,2,3.61,3.50–4.00,0,0,1,0,0,0,0
2026-04-29 14:19:34.313,Teknik Informatika,Perempuan,19,Bugis,Pangkep,Sulawesi Selatan,SMAN 13 PANGKEP,Kumer,3.9,Menengah,SMA,SMA,Karyawan Swasta,Pedagang / Wiraswasta,Rp 2.000.000 - Rp 5.000.000 per bulan,Kurang dari Rp 2.000.000 per bulan,"Pengembangan Perangkat Lunak (Pemrograman, Rekayasa Perangkat Lunak, Pengembangan Web & Aplikasi Mobile)","Media interaktif (simulasi, animasi, aplikasi edukasi), Coding platform atau IDE (misalnya: repl.it, Jupyter, VS Code)",Reflective,Sensing,Verbal,Sequential,30 menit - 1 jam,Peningkatan keterampilan,-,Lainnya,Pangkep,1,6,13,2,1,2,3.9,3.50–4.00,0,0,0,1,0,0,1
2026-04-29 14:05:37.019,Sistem Informasi,Laki - Laki,20,Bugis,Kota Tual,Maluku,SMA NEGRI 2 TUAL,IPA,3.8,Menengah,D4 / S1,D4 / S1,Pegawai Negeri Sipil (PNS),Pegawai Negeri Sipil (PNS),Rp 5.000.000 - Rp 8.000.000 per bulan,Rp 5.000.000 - Rp 8.000.000 per bulan,"Pengembangan Perangkat Lunak (Pemrograman, Rekayasa Perangkat Lunak, Pengembangan Web & Aplikasi Mobile)","Video pembelajaran (YouTube, e-learning, dll.)",Reflective,Sensing,Visual,Sequential,30 menit - 1 jam,Penghargaan atau sertifikat,tidak ada,IPA,Lainnya,0,2,5,3,3,2,3.8,3.50–4.00,0,0,1,0,0,0,0
2026-04-23 11:35:17.348,Teknik Informatika,Laki - Laki,20,-,-,NTT,Man Kupang ,IPA,3.8,Menengah,D4 / S1,D4 / S1,Pedagang / Wiraswasta,Profesional (Dokter / Pengacara / dll.),Rp 5.000.000 - Rp 8.000.000 per bulan,Rp 2.000.000 - Rp 5.000.000 per bulan,"Pengembangan Perangkat Lunak (Pemrograman, Rekayasa Perangkat Lunak, Pengembangan Web & Aplikasi Mobile)","Video pembelajaran (YouTube, e-learning, dll.), Media interaktif (simulasi, animasi, aplikasi edukasi), Website atau platform pembelajaran daring (Coursera, Udemy, Dicoding, dll.)",Active,Intuitive,Visual,Sequential,30 menit - 1 jam,Peningkatan keterampilan,-,IPA,Lainnya,0,2,5,3,2,2,3.8,3.50–4.00,0,0,1,1,1,0,0
2026-04-07 13:59:03.222,Teknik Informatika,Laki - Laki,21,Bugis,Kota Makassar,Sulawesi Selatan ,MAN 3 Makassar,IPA,3.8,Menengah,S2,D3,Pegawai Negeri Sipil (PNS),Pegawai Negeri Sipil (PNS),Rp 2.000.000 - Rp 5.000.000 per bulan,Kurang dari Rp 2.000.000 per bulan,"Data dan Kecerdasan Buatan (Basis Data, Kecerdasan Buatan, Machine Learning, Data Mining)","Buku teks atau modul cetak, Slide presentasi (PowerPoint) dari dosen, Video pembelajaran (YouTube, e-learning, dll.), Media interaktif (simulasi, animasi, aplikasi edukasi), Website atau platform pembelajaran daring (Coursera, Udemy, Dicoding, dll.), Coding platform atau IDE (misalnya: repl.it, Jupyter, VS Code)",Active,Intuitive,Verbal,Sequential,1 - 2 jam,Peningkatan keterampilan,-,IPA,Makassar,0,2,8,2,1,3,3.8,3.50–4.00,1,1,1,1,1,0,1
2026-04-07 13:57:20.124,Teknik Informatika,Laki - Laki,21,Mongondow,Bolaang Mongondow Selatan,Sulawesi utara,Sma ,IPA,3,Menengah,D4 / S1,SMA,Pegawai Negeri Sipil (PNS),Buruh / Petani / Nelayan,Rp 2.000.000 - Rp 5.000.000 per bulan,Rp 2.000.000 - Rp 5.000.000 per bulan,"Sistem dan Jaringan Komputer (Jaringan Komputer, Sistem Operasi, Cloud Computing, Keamanan Siber)","Slide presentasi (PowerPoint) dari dosen, Forum diskusi online atau grup belajar (WhatsApp, Telegram, LMS, dll.), Website atau platform pembelajaran daring (Coursera, Udemy, Dicoding, dll.)",Active,Sensing,Visual,Sequential,30 menit - 1 jam,Peningkatan keterampilan,-,IPA,Lainnya,0,2,5,2,2,2,3.0,3.00–3.50,0,1,0,0,1,1,0
2026-04-07 13:54:00.306,Teknik Informatika,Laki - Laki,20,Bugis,Morowali,Sulawesi Tenga,SMA Negeri 1 Bungku,IPA,3.71,Menengah,D4 / S1,SMA,Pedagang / Wiraswasta,Pedagang / Wiraswasta,Rp 2.000.000 - Rp 5.000.000 per bulan,Rp 2.000.000 - Rp 5.000.000 per bulan,"Teknologi dan Inovasi Digital (Robotika, Internet of Things, Blockchain, Teknologi Baru lainnya)","Video pembelajaran (YouTube, e-learning, dll.)",Active,Sensing,Verbal,Sequential,30 menit - 1 jam,Peningkatan keterampilan,-,IPA,Morowali,0,2,12,2,2,2,3.71,3.50–4.00,0,0,1,0,0,0,0
2026-04-07 13:47:55.043,Teknik Informatika,Laki - Laki,19,Bugis,Toli-Toli,Sulawesi tengah,Smk 1 ToliToli,Bisnis Daring,"3,69",Menengah,D4 / S1,D4 / S1,Pedagang / Wiraswasta,Profesional (Dokter / Pengacara / dll.),Rp 2.000.000 - Rp 5.000.000 per bulan,Rp 2.000.000 - Rp 5.000.000 per bulan,"Teknologi dan Inovasi Digital (Robotika, Internet of Things, Blockchain, Teknologi Baru lainnya)","Media interaktif (simulasi, animasi, aplikasi edukasi), Forum diskusi online atau grup belajar (WhatsApp, Telegram, LMS, dll.)",Active,Intuitive,Visual,Sequential,30 menit - 1 jam,Peningkatan keterampilan,-,Lainnya,Lainnya,0,6,5,2,2,2,3.69,3.50–4.00,0,0,0,1,0,1,0
2026-04-07 13:08:46.179,Teknik Informatika,Perempuan,21,Muna,Kendari,Sulawesi Tenggara,SMAN 1 Kendari,IPA,"3,86",Menengah,SMA,D4 / S1,Pedagang / Wiraswasta,Pegawai Negeri Sipil (PNS),Kurang dari Rp 2.000.000 per bulan,Rp 2.000.000 - Rp 5.000.000 per bulan,"Komputasi Visual dan Interaksi (Pengolahan Citra Digital, Computer Vision, Interaksi Manusia dan Komputer, Multimedia)","Video pembelajaran (YouTube, e-learning, dll.), Media interaktif (simulasi, animasi, aplikasi edukasi)",Reflective,Sensing,Visual,Sequential,Kurang dari 30 menit,Penghargaan atau sertifikat,-,IPA,Kendari,1,2,3,1,2,1,3.86,3.50–4.00,0,0,1,1,0,0,0
2026-04-07 13:06:43.716,Teknik Informatika,Perempuan,20,Makassar,Makassar,Sulawesi Selatan,SMAN 1 KENDARI,IPA,"3,87",Menengah,D4 / S1,SMA,Karyawan Swasta,Karyawan Swasta,Kurang dari Rp 2.000.000 per bulan,Kurang dari Rp 2.000.000 per bulan,"Pengembangan Perangkat Lunak (Pemrograman, Rekayasa Perangkat Lunak, Pengembangan Web & Aplikasi Mobile)","Slide presentasi (PowerPoint) dari dosen, Media interaktif (simulasi, animasi, aplikasi edukasi)",Active,Sensing,Verbal,Sequential,1 - 2 jam,Penghargaan atau sertifikat,tidak ada,IPA,Makassar,1,2,8,1,1,3,3.87,3.50–4.00,0,1,0,1,0,0,0
2026-04-07 13:01:17.755,Teknik Informatika,Perempuan,20 tahun ,bugis,ponrang selatan,sul sel ,SMAIT Alishlah Maros,agama,"8,79",Menengah,D4 / S1,SMA,Karyawan Swasta,Tidak bekerja / Pensiunan,Rp 2.000.000 - Rp 5.000.000 per bulan,Kurang dari Rp 2.000.000 per bulan,"Pengembangan Perangkat Lunak (Pemrograman, Rekayasa Perangkat Lunak, Pengembangan Web & Aplikasi Mobile)",Buku teks atau modul cetak,Active,Sensing,Visual,Sequential,Kurang dari 30 menit,Penghargaan atau sertifikat,lainya,Keagamaan,Lainnya,1,4,5,2,1,1,3.71,3.50–4.00,1,0,0,0,0,0,0
2026-04-07 12:59:49.391,Teknik Informatika,Perempuan,20,Bugis,Enrekang,Sulawesi Selatan,SMAN 2 Enrekang,IPS,3.45,Menengah,SMA,D4 / S1,Buruh / Petani / Nelayan,Pegawai Negeri Sipil (PNS),Rp 2.000.000 - Rp 5.000.000 per bulan,Rp 2.000.000 - Rp 5.000.000 per bulan,"Sistem dan Jaringan Komputer (Jaringan Komputer, Sistem Operasi, Cloud Computing, Keamanan Siber)","Media interaktif (simulasi, animasi, aplikasi edukasi)",Active,Sensing,Visual,Sequential,30 menit - 1 jam,Tantangan akademis,-,IPS,Enrekang,1,3,1,2,2,2,3.45,3.00–3.50,0,0,0,1,0,0,0
2026-04-07 12:59:47.211,Teknik Informatika,Perempuan,21,Bugis,Luwu Timus,Sulawesi Selatan,SMAN 1 NUHA,IPA,3.87,Tinggi,SMP,SMP,Karyawan Swasta,Tidak bekerja / Pensiunan,Rp 5.000.000 - Rp 8.000.000 per bulan,Kurang dari Rp 2.000.000 per bulan,"Data dan Kecerdasan Buatan (Basis Data, Kecerdasan Buatan, Machine Learning, Data Mining)","Slide presentasi (PowerPoint) dari dosen, Video pembelajaran (YouTube, e-learning, dll.), Forum diskusi online atau grup belajar (WhatsApp, Telegram, LMS, dll.)",Active,Intuitive,Verbal,Sequential,1 - 2 jam,Other..,Untuk memperluas wawasan ,IPA,Lainnya,1,2,5,3,1,3,3.87,3.50–4.00,0,1,1,0,0,1,0
2026-04-07 12:59:21.438,Teknik Informatika,Perempuan,21,Bugis,Luwu Timur ,Sulawesi Selatan ,SMAN 7 Luwu timur ,IPA,3.87,Menengah,SD,SMA,Buruh / Petani / Nelayan,Tidak bekerja / Pensiunan,Kurang dari Rp 2.000.000 per bulan,Kurang dari Rp 2.000.000 per bulan,"Sistem dan Jaringan Komputer (Jaringan Komputer, Sistem Operasi, Cloud Computing, Keamanan Siber)","Video pembelajaran (YouTube, e-learning, dll.)",Active,Sensing,Visual,Sequential,30 menit - 1 jam,Peningkatan keterampilan,Tidak,IPA,Luwu Timur,1,2,7,1,1,2,3.87,3.50–4.00,0,0,1,0,0,0,0
2026-03-30 13:56:14.425,Teknik Informatika,Laki - Laki,20,Bugis,Maros,Sulawesi Selatan,SMA Negeri 4 Maros,IPA,3.9,Menengah,SMA,SMA,Tidak bekerja / Pensiunan,Tidak bekerja / Pensiunan,Kurang dari Rp 2.000.000 per bulan,Kurang dari Rp 2.000.000 per bulan,"Pengembangan Perangkat Lunak (Pemrograman, Rekayasa Perangkat Lunak, Pengembangan Web & Aplikasi Mobile)","Buku teks atau modul cetak, Slide presentasi (PowerPoint) dari dosen",Active,Sensing,Visual,Sequential,30 menit - 1 jam,Pengakuan dari teman/sejawat,-,IPA,Maros,0,2,11,1,1,2,3.9,3.50–4.00,1,1,0,0,0,0,0
2026-03-30 13:23:45.940,Teknik Informatika,Laki - Laki,18,bugis,kota makassar,sulawesi selatan,SMAIT Ar-RAHMA MAKASSAR,IPA,3.7,Tinggi,S3,S2,Tenaga Pendidik (Dosen/Guru),Profesional (Dokter / Pengacara / dll.),Rp 5.000.000 - Rp 8.000.000 per bulan,Rp 5.000.000 - Rp 8.000.000 per bulan,"Pengembangan Perangkat Lunak (Pemrograman, Rekayasa Perangkat Lunak, Pengembangan Web & Aplikasi Mobile)","Video pembelajaran (YouTube, e-learning, dll.), Website atau platform pembelajaran daring (Coursera, Udemy, Dicoding, dll.)",Active,Sensing,Verbal,Sequential,1 - 2 jam,Pengakuan dari teman/sejawat,tidak ,IPA,Makassar,0,2,8,3,3,3,3.7,3.50–4.00,0,0,1,0,1,0,0
2026-03-30 12:47:01.745,Teknik Informatika,Perempuan,18,Buton Kulisusu,Buton utara,Sulawesi tenggara,Smk Negeri 4 Buton Utara,TKJ,3.9,Menengah,SMP,SMA,Pedagang / Wiraswasta,Pedagang / Wiraswasta,Rp 2.000.000 - Rp 5.000.000 per bulan,Rp 5.000.000 - Rp 8.000.000 per bulan,"Sistem dan Jaringan Komputer (Jaringan Komputer, Sistem Operasi, Cloud Computing, Keamanan Siber)","Slide presentasi (PowerPoint) dari dosen, Media interaktif (simulasi, animasi, aplikasi edukasi)",Active,Sensing,Verbal,Global,1 - 2 jam,Peningkatan keterampilan,-,TKJ,Lainnya,1,9,5,2,3,3,3.9,3.50–4.00,0,1,0,1,0,0,0
2026-03-30 12:23:21.004,Teknik Informatika,Perempuan,21,Bugis,Kota Makassar ,Sulawesi Selatan ,SMK Telkom Makassar,Telekomunikasi,3.75,Menengah,S3,D4 / S1,Pegawai Negeri Sipil (PNS),Tenaga Pendidik (Dosen/Guru),Rp 5.000.000 - Rp 8.000.000 per bulan,Rp 2.000.000 - Rp 5.000.000 per bulan,"Teknologi dan Inovasi Digital (Robotika, Internet of Things, Blockchain, Teknologi Baru lainnya)","Video pembelajaran (YouTube, e-learning, dll.), Media interaktif (simulasi, animasi, aplikasi edukasi)",Active,Intuitive,Verbal,Sequential,30 menit - 1 jam,Peningkatan keterampilan,-,Lainnya,Makassar,1,6,8,3,2,2,3.75,3.50–4.00,0,0,1,1,0,0,0
2026-03-30 12:22:19.872,Teknik Informatika,Perempuan,21,Bugis,Maros,Sulawesi Selatan ,SMAN 4 MAROS,IPA,3.7,Menengah,SMP,SD,Buruh / Petani / Nelayan,Pedagang / Wiraswasta,Kurang dari Rp 2.000.000 per bulan,Rp 2.000.000 - Rp 5.000.000 per bulan,"Teknologi dan Inovasi Digital (Robotika, Internet of Things, Blockchain, Teknologi Baru lainnya)","Buku teks atau modul cetak, Slide presentasi (PowerPoint) dari dosen, Video pembelajaran (YouTube, e-learning, dll.), Media interaktif (simulasi, animasi, aplikasi edukasi), Forum diskusi online atau grup belajar (WhatsApp, Telegram, LMS, dll.), Website atau platform pembelajaran daring (Coursera, Udemy, Dicoding, dll.), Coding platform atau IDE (misalnya: repl.it, Jupyter, VS Code)",Active,Sensing,Visual,Sequential,30 menit - 1 jam,Peningkatan keterampilan,-,IPA,Maros,1,2,11,1,2,2,3.7,3.50–4.00,1,1,1,1,1,1,1
2026-03-30 12:19:06.953,Teknik Informatika,Perempuan,21,Bugis-Makassar,Kota Makassar,Sulawesi Selatan,SMAN 10 Makassar,IPA,3.94,Menengah,S2,SMA,Pegawai Negeri Sipil (PNS),Tidak bekerja / Pensiunan,Rp 5.000.000 - Rp 8.000.000 per bulan,Kurang dari Rp 2.000.000 per bulan,"Data dan Kecerdasan Buatan (Basis Data, Kecerdasan Buatan, Machine Learning, Data Mining)","Media interaktif (simulasi, animasi, aplikasi edukasi), Coding platform atau IDE (misalnya: repl.it, Jupyter, VS Code)",Active,Sensing,Visual,Sequential,1 - 2 jam,Peningkatan keterampilan,-,IPA,Makassar,1,2,8,3,1,3,3.94,3.50–4.00,0,0,0,1,0,0,1
2026-03-30 12:17:33.011,Teknik Informatika,Perempuan,20,bugis,gowa,sulsel,SMAN 4 parepare,IPA,3.81,Menengah,D4 / S1,D4 / S1,Pegawai Negeri Sipil (PNS),Tidak bekerja / Pensiunan,Rp 2.000.000 - Rp 5.000.000 per bulan,Kurang dari Rp 2.000.000 per bulan,"Sistem dan Jaringan Komputer (Jaringan Komputer, Sistem Operasi, Cloud Computing, Keamanan Siber)","Video pembelajaran (YouTube, e-learning, dll.), Media interaktif (simulasi, animasi, aplikasi edukasi), Forum diskusi online atau grup belajar (WhatsApp, Telegram, LMS, dll.)",Active,Intuitive,Visual,Sequential,30 menit - 1 jam,Tantangan akademis,-,IPA,Gowa,1,2,2,2,1,2,3.81,3.50–4.00,0,0,1,1,0,1,0
2026-03-30 12:13:11.275,Teknik Informatika,Perempuan,22,Bugis,Makassar,Sulawesi Selatan,Darul Arqam Gombara Muhammadiyah Makassar ,IPA,"3,8",Menengah,SMA,S2,Tidak bekerja / Pensiunan,Pegawai Negeri Sipil (PNS),Kurang dari Rp 2.000.000 per bulan,Rp 5.000.000 - Rp 8.000.000 per bulan,"Pengembangan Perangkat Lunak (Pemrograman, Rekayasa Perangkat Lunak, Pengembangan Web & Aplikasi Mobile)","Video pembelajaran (YouTube, e-learning, dll.), Media interaktif (simulasi, animasi, aplikasi edukasi)",Active,Intuitive,Visual,Global,30 menit - 1 jam,Peningkatan keterampilan,-,IPA,Makassar,1,2,8,1,3,2,3.8,3.50–4.00,0,0,1,1,0,0,0
2026-03-30 12:12:49.162,Teknik Informatika,Laki - Laki,20,bugis,Halmahera Tengah,Maluku Utara,smaq himmatul quran malino,IPA,4,Menengah,S2,D4 / S1,Pegawai Negeri Sipil (PNS),Pegawai Negeri Sipil (PNS),Lebih dari Rp. 8.000.000 per bulan,Rp 5.000.000 - Rp 8.000.000 per bulan,"Pengembangan Perangkat Lunak (Pemrograman, Rekayasa Perangkat Lunak, Pengembangan Web & Aplikasi Mobile)","Video pembelajaran (YouTube, e-learning, dll.), Media interaktif (simulasi, animasi, aplikasi edukasi)",Active,Sensing,Verbal,Sequential,30 menit - 1 jam,Tantangan akademis,tidak ada,IPA,Lainnya,0,2,5,4,3,2,4.0,3.50–4.00,0,0,1,1,0,0,0
2026-03-30 12:10:37.582,Teknik Informatika,Perempuan,22,Bugis ,Mamuju,Sulawesi Barat,MAN 1 MAMUJU,IPS,3.81,Menengah,D4 / S1,D4 / S1,Pegawai Negeri Sipil (PNS),Pegawai Negeri Sipil (PNS),Rp 2.000.000 - Rp 5.000.000 per bulan,Rp 2.000.000 - Rp 5.000.000 per bulan,"Pengembangan Perangkat Lunak (Pemrograman, Rekayasa Perangkat Lunak, Pengembangan Web & Aplikasi Mobile)","Buku teks atau modul cetak, Slide presentasi (PowerPoint) dari dosen, Video pembelajaran (YouTube, e-learning, dll.), Media interaktif (simulasi, animasi, aplikasi edukasi), Website atau platform pembelajaran daring (Coursera, Udemy, Dicoding, dll.), Coding platform atau IDE (misalnya: repl.it, Jupyter, VS Code)",Active,Sensing,Visual,Sequential,1 - 2 jam,Penghargaan atau sertifikat,-,IPS,Mamuju,1,3,10,2,2,3,3.81,3.50–4.00,1,1,1,1,1,0,1
2026-03-30 12:10:35.333,Teknik Informatika,Perempuan,21,Bugis,Maros,Sulawesi selatan,SMK 1 Maros,TKJ,3.22,Menengah,D4 / S1,D3,Pegawai Negeri Sipil (PNS),Pegawai Negeri Sipil (PNS),Rp 5.000.000 - Rp 8.000.000 per bulan,Kurang dari Rp 2.000.000 per bulan,"Sistem dan Jaringan Komputer (Jaringan Komputer, Sistem Operasi, Cloud Computing, Keamanan Siber)","Video pembelajaran (YouTube, e-learning, dll.), Forum diskusi online atau grup belajar (WhatsApp, Telegram, LMS, dll.), Coding platform atau IDE (misalnya: repl.it, Jupyter, VS Code)",Reflective,Intuitive,Visual,Sequential,30 menit - 1 jam,Penghargaan atau sertifikat,tidak ada,TKJ,Maros,1,9,11,3,1,2,3.22,3.00–3.50,0,0,1,0,0,1,1
2026-03-30 12:07:18.983,Teknik Informatika,Perempuan,20,bugis,makassar,sulawesi selatan,ummul mukminin,IPA,"3,9",Menengah,D4 / S1,S2,Pedagang / Wiraswasta,Tidak bekerja / Pensiunan,Rp 5.000.000 - Rp 8.000.000 per bulan,Rp 2.000.000 - Rp 5.000.000 per bulan,"Pengembangan Perangkat Lunak (Pemrograman, Rekayasa Perangkat Lunak, Pengembangan Web & Aplikasi Mobile)","Buku teks atau modul cetak, Slide presentasi (PowerPoint) dari dosen, Video pembelajaran (YouTube, e-learning, dll.), Media interaktif (simulasi, animasi, aplikasi edukasi), Forum diskusi online atau grup belajar (WhatsApp, Telegram, LMS, dll.)",Active,Intuitive,Visual,Sequential,1 - 2 jam,Peningkatan keterampilan,-,IPA,Makassar,1,2,8,3,2,3,3.9,3.50–4.00,1,1,1,1,0,1,0
2026-03-30 11:53:41.529,Sistem Informasi,Perempuan,20,Selayar,Selayar,Sulawesi selatan,Smkn 1 selayar,OTKP,90,Tinggi,D4 / S1,SMA,Pegawai Negeri Sipil (PNS),Tidak bekerja / Pensiunan,Rp 2.000.000 - Rp 5.000.000 per bulan,Kurang dari Rp 2.000.000 per bulan,"Sistem dan Jaringan Komputer (Jaringan Komputer, Sistem Operasi, Cloud Computing, Keamanan Siber)","Slide presentasi (PowerPoint) dari dosen, Video pembelajaran (YouTube, e-learning, dll.), Forum diskusi online atau grup belajar (WhatsApp, Telegram, LMS, dll.), Website atau platform pembelajaran daring (Coursera, Udemy, Dicoding, dll.)",Active,Intuitive,Verbal,Sequential,30 menit - 1 jam,Peningkatan keterampilan,-,Lainnya,Lainnya,1,6,5,2,1,2,3.71,3.50–4.00,0,1,1,0,1,1,0
2026-03-02 17:39:01.740,Teknik Informatika,Laki - Laki,19,bugis,makassar,sulsel,smk telkom,TKJ,"3,78",Menengah,SMA,SMA,Pegawai Negeri Sipil (PNS),Tidak bekerja / Pensiunan,Rp 2.000.000 - Rp 5.000.000 per bulan,Kurang dari Rp 2.000.000 per bulan,"Pengembangan Perangkat Lunak (Pemrograman, Rekayasa Perangkat Lunak, Pengembangan Web & Aplikasi Mobile)","Video pembelajaran (YouTube, e-learning, dll.), Media interaktif (simulasi, animasi, aplikasi edukasi), Forum diskusi online atau grup belajar (WhatsApp, Telegram, LMS, dll.)",Active,Sensing,Visual,Global,30 menit - 1 jam,Pengakuan dari teman/sejawat,.. ,TKJ,Makassar,0,9,8,2,1,2,3.78,3.50–4.00,0,0,1,1,0,1,0
2026-03-02 17:20:01.950,Teknik Informatika,Laki - Laki,22,makassar,takalar,Sulawesi Selatan ,MA Sultan Hasanuddin ,IPA,3.4,Menengah,D4 / S1,D4 / S1,Karyawan Swasta,Pegawai Negeri Sipil (PNS),Rp 2.000.000 - Rp 5.000.000 per bulan,Rp 5.000.000 - Rp 8.000.000 per bulan,"Pengembangan Perangkat Lunak (Pemrograman, Rekayasa Perangkat Lunak, Pengembangan Web & Aplikasi Mobile)","Video pembelajaran (YouTube, e-learning, dll.), Website atau platform pembelajaran daring (Coursera, Udemy, Dicoding, dll.), Coding platform atau IDE (misalnya: repl.it, Jupyter, VS Code)",Reflective,Intuitive,Visual,Sequential,30 menit - 1 jam,Peningkatan keterampilan,-,IPA,Takalar,0,2,16,2,3,2,3.4,3.00–3.50,0,0,1,0,1,0,1
2026-03-02 15:22:16.235,Teknik Informatika,Perempuan,23,Massenrempulu ,Enrekang ,Sulawesi Selatan ,SMA 1 enrekang,IPA,"3,64",Menengah,SMA,D3,Buruh / Petani / Nelayan,Tidak bekerja / Pensiunan,Rp 2.000.000 - Rp 5.000.000 per bulan,Kurang dari Rp 2.000.000 per bulan,"Sistem dan Jaringan Komputer (Jaringan Komputer, Sistem Operasi, Cloud Computing, Keamanan Siber)",Slide presentasi (PowerPoint) dari dosen,Active,Sensing,Verbal,Sequential,1 - 2 jam,Peningkatan keterampilan,Tidak,IPA,Enrekang,1,2,1,2,1,3,3.64,3.50–4.00,0,1,0,0,0,0,0
2026-03-02 12:00:41.138,Teknik Informatika,Laki - Laki,21,Makassar,Makassar,Indonesia,SMKN 1 TAKALAR,TKJ,3.83,Menengah,SMA,D4 / S1,Buruh / Petani / Nelayan,Tenaga Pendidik (Dosen/Guru),Rp 5.000.000 - Rp 8.000.000 per bulan,Rp 2.000.000 - Rp 5.000.000 per bulan,"Teknologi dan Inovasi Digital (Robotika, Internet of Things, Blockchain, Teknologi Baru lainnya)","Slide presentasi (PowerPoint) dari dosen, Video pembelajaran (YouTube, e-learning, dll.), Media interaktif (simulasi, animasi, aplikasi edukasi)",Active,Sensing,Verbal,Sequential,1 - 2 jam,Penghargaan atau sertifikat,tidak ada,TKJ,Makassar,0,9,8,3,2,3,3.83,3.50–4.00,0,1,1,1,0,0,0
2026-03-02 11:59:23.778,Teknik Informatika,Perempuan,20,Bugis,Pangkajene dan kepulauan,Sulawesi Selatan,MAN Pangkep,IPA,3.84,Menengah,D4 / S1,SMA,Karyawan Swasta,Pedagang / Wiraswasta,Lebih dari Rp. 8.000.000 per bulan,Rp 2.000.000 - Rp 5.000.000 per bulan,"Pengembangan Perangkat Lunak (Pemrograman, Rekayasa Perangkat Lunak, Pengembangan Web & Aplikasi Mobile)","Video pembelajaran (YouTube, e-learning, dll.), Media interaktif (simulasi, animasi, aplikasi edukasi)",Active,Sensing,Verbal,Sequential,30 menit - 1 jam,Tantangan akademis,.,IPA,Pangkep,1,2,13,4,2,2,3.84,3.50–4.00,0,0,1,1,0,0,0
2026-03-02 11:34:27.275,Teknik Informatika,Perempuan,23,Bugis,Mimika,Papua,SMA NEGERI 1 MIMIKA,IPA,3.77,Menengah,SMA,D3,Karyawan Swasta,Tidak bekerja / Pensiunan,Lebih dari Rp. 8.000.000 per bulan,Lebih dari Rp. 8.000.000 per bulan,"Pengembangan Perangkat Lunak (Pemrograman, Rekayasa Perangkat Lunak, Pengembangan Web & Aplikasi Mobile)","Slide presentasi (PowerPoint) dari dosen, Video pembelajaran (YouTube, e-learning, dll.), Forum diskusi online atau grup belajar (WhatsApp, Telegram, LMS, dll.), Coding platform atau IDE (misalnya: repl.it, Jupyter, VS Code)",Active,Intuitive,Verbal,Sequential,30 menit - 1 jam,Peningkatan keterampilan,-,IPA,Lainnya,1,2,5,4,4,2,3.77,3.50–4.00,0,1,1,0,0,1,1
2026-03-01 20:04:34.432,Teknik Informatika,Perempuan,21,Makassar,Kota Makassar,sulawesi selatan,SMAN 2 Makassar,IPA,3.7,Menengah,S2,SMA,Tidak bekerja / Pensiunan,Pedagang / Wiraswasta,Rp 2.000.000 - Rp 5.000.000 per bulan,Rp 2.000.000 - Rp 5.000.000 per bulan,"Sistem dan Jaringan Komputer (Jaringan Komputer, Sistem Operasi, Cloud Computing, Keamanan Siber)","Video pembelajaran (YouTube, e-learning, dll.), Media interaktif (simulasi, animasi, aplikasi edukasi)",Reflective,Sensing,Verbal,Sequential,1 - 2 jam,Peningkatan keterampilan,-,IPA,Makassar,1,2,8,2,2,3,3.7,3.50–4.00,0,0,1,1,0,0,0
2026-03-01 19:41:15.049,Sistem Informasi,Perempuan,18,Bugis,Kota Makassar,Sulawesi Selatan,SMA NEGERI 21 MAKASSAR,IPA,4,Menengah,S3,S3,Tenaga Pendidik (Dosen/Guru),Tenaga Pendidik (Dosen/Guru),Rp 5.000.000 - Rp 8.000.000 per bulan,Rp 5.000.000 - Rp 8.000.000 per bulan,"Sistem dan Jaringan Komputer (Jaringan Komputer, Sistem Operasi, Cloud Computing, Keamanan Siber)","Video pembelajaran (YouTube, e-learning, dll.), Media interaktif (simulasi, animasi, aplikasi edukasi)",Active,Sensing,Verbal,Sequential,1 - 2 jam,Tantangan akademis,tdk ada,IPA,Makassar,1,2,8,3,3,3,4.0,3.50–4.00,0,0,1,1,0,0,0
2026-03-01 19:32:38.098,Sistem Informasi,Perempuan,18,Tolaki,Konawe,Sulawesi tenaggara,MAN 1 KONAWE,Bahasa,"3,86",Menengah,SMA,SMA,Buruh / Petani / Nelayan,Buruh / Petani / Nelayan,Rp 2.000.000 - Rp 5.000.000 per bulan,Rp 2.000.000 - Rp 5.000.000 per bulan,"Sistem dan Jaringan Komputer (Jaringan Komputer, Sistem Operasi, Cloud Computing, Keamanan Siber)",Buku teks atau modul cetak,Active,Sensing,Verbal,Sequential,30 menit - 1 jam,Penghargaan atau sertifikat,Tdk ada,Bahasa,Konawe,1,1,4,2,2,2,3.86,3.50–4.00,1,0,0,0,0,0,0
2026-03-01 19:11:12.261,Teknik Informatika,Perempuan,19,Makassar,Takalar,Sulawesi selatan,Ma Manongkoki,IPA,3.88,Menengah,SMA,SMA,Pegawai Negeri Sipil (PNS),Pedagang / Wiraswasta,Rp 2.000.000 - Rp 5.000.000 per bulan,Rp 2.000.000 - Rp 5.000.000 per bulan,"Data dan Kecerdasan Buatan (Basis Data, Kecerdasan Buatan, Machine Learning, Data Mining)","Slide presentasi (PowerPoint) dari dosen, Video pembelajaran (YouTube, e-learning, dll.), Website atau platform pembelajaran daring (Coursera, Udemy, Dicoding, dll.)",Reflective,Intuitive,Verbal,Sequential,Kurang dari 30 menit,Tantangan akademis,saya merasa senang ketika dapat menyelesaikan permasalahan ,IPA,Takalar,1,2,16,2,2,1,3.88,3.50–4.00,0,1,1,0,1,0,0
2026-03-01 18:57:34.322,Sistem Informasi,Perempuan,20,Bugis,Makassar,Sulawesi Selatan,SMA NEGERI 7 MAKASSAR,IPA,3.9,Menengah,D4 / S1,SMA,Pegawai Negeri Sipil (PNS),Tidak bekerja / Pensiunan,Rp 2.000.000 - Rp 5.000.000 per bulan,Kurang dari Rp 2.000.000 per bulan,"Pengembangan Perangkat Lunak (Pemrograman, Rekayasa Perangkat Lunak, Pengembangan Web & Aplikasi Mobile)","Video pembelajaran (YouTube, e-learning, dll.), Media interaktif (simulasi, animasi, aplikasi edukasi)",Active,Sensing,Visual,Sequential,30 menit - 1 jam,Peningkatan keterampilan,.,IPA,Makassar,1,2,8,2,1,2,3.9,3.50–4.00,0,0,1,1,0,0,0
2026-03-01 18:57:02.932,Teknik Informatika,Laki - Laki,21,Melayu,Lingga,Kepulauan Riau,SMKN 7 Buru,Multimedia,3.9,Tinggi,D4 / S1,D4 / S1,Profesional (Dokter / Pengacara / dll.),Profesional (Dokter / Pengacara / dll.),Rp 2.000.000 - Rp 5.000.000 per bulan,Rp 5.000.000 - Rp 8.000.000 per bulan,"Pengembangan Perangkat Lunak (Pemrograman, Rekayasa Perangkat Lunak, Pengembangan Web & Aplikasi Mobile)","Video pembelajaran (YouTube, e-learning, dll.), Media interaktif (simulasi, animasi, aplikasi edukasi), Forum diskusi online atau grup belajar (WhatsApp, Telegram, LMS, dll.), Website atau platform pembelajaran daring (Coursera, Udemy, Dicoding, dll.)",Reflective,Sensing,Visual,Global,Kurang dari 30 menit,Tantangan akademis,Tidak ada,Multimedia,Lainnya,0,7,5,2,3,1,3.9,3.50–4.00,0,0,1,1,1,1,0
2026-03-01 18:48:13.182,Teknik Informatika,Laki - Laki,20,Bugis,Luwu,Sulawesi Selatan ,Sma Negeri 2 Makassar,kurikulum merdeka,3,Menengah,SMA,D4 / S1,Karyawan Swasta,Pegawai Negeri Sipil (PNS),Rp 2.000.000 - Rp 5.000.000 per bulan,Rp 2.000.000 - Rp 5.000.000 per bulan,"Pengembangan Perangkat Lunak (Pemrograman, Rekayasa Perangkat Lunak, Pengembangan Web & Aplikasi Mobile)","Video pembelajaran (YouTube, e-learning, dll.)",Active,Sensing,Visual,Global,30 menit - 1 jam,Peningkatan keterampilan,tidak ada,Kurikulum Merdeka,Luwu,0,5,6,2,2,2,3.0,3.00–3.50,0,0,1,0,0,0,0
2026-03-01 18:35:07.662,Teknik Informatika,Laki - Laki,19,Tolaki,Kolaka,Sulawesi Tenggara,MAN 1 Kolaka,IPA,3.64,Menengah,D3,SMA,Pedagang / Wiraswasta,Pedagang / Wiraswasta,Lebih dari Rp. 8.000.000 per bulan,Lebih dari Rp. 8.000.000 per bulan,"Pengembangan Perangkat Lunak (Pemrograman, Rekayasa Perangkat Lunak, Pengembangan Web & Aplikasi Mobile)","Buku teks atau modul cetak, Video pembelajaran (YouTube, e-learning, dll.), Media interaktif (simulasi, animasi, aplikasi edukasi)",Active,Sensing,Visual,Sequential,30 menit - 1 jam,Peningkatan keterampilan,.,IPA,Lainnya,0,2,5,4,4,2,3.64,3.50–4.00,1,0,1,1,0,0,0
2026-03-01 18:24:49.223,Teknik Informatika,Laki - Laki,19,Bugis ,Bone,Sulsel,SMAN 3 BONE,IPA,"3,62",Menengah,SMP,SMA,Buruh / Petani / Nelayan,Tidak bekerja / Pensiunan,Kurang dari Rp 2.000.000 per bulan,Kurang dari Rp 2.000.000 per bulan,"Pengembangan Perangkat Lunak (Pemrograman, Rekayasa Perangkat Lunak, Pengembangan Web & Aplikasi Mobile)",Buku teks atau modul cetak,Active,Sensing,Visual,Sequential,30 menit - 1 jam,Peningkatan keterampilan,Kurang lebih penjelasan saya sama seperti jawaban yang telah pilih,IPA,Bone,0,2,0,1,1,2,3.62,3.50–4.00,1,0,0,0,0,0,0
2026-03-01 17:19:09.432,Teknik Informatika,Laki - Laki,20,Buton,-,Sulawesi tenggara ,SMK YPKP TIK KAB JAYAPURA PAPUA ,Multimedia ,3.63,Rendah,D4 / S1,SMA,Pegawai Negeri Sipil (PNS),Pedagang / Wiraswasta,Rp 2.000.000 - Rp 5.000.000 per bulan,Kurang dari Rp 2.000.000 per bulan,"Pengembangan Perangkat Lunak (Pemrograman, Rekayasa Perangkat Lunak, Pengembangan Web & Aplikasi Mobile)","Video pembelajaran (YouTube, e-learning, dll.), Media interaktif (simulasi, animasi, aplikasi edukasi), Forum diskusi online atau grup belajar (WhatsApp, Telegram, LMS, dll.), Website atau platform pembelajaran daring (Coursera, Udemy, Dicoding, dll.), Coding platform atau IDE (misalnya: repl.it, Jupyter, VS Code)",Active,Sensing,Visual,Sequential,1 - 2 jam,Peningkatan keterampilan,-,Multimedia,Lainnya,0,7,5,2,1,3,3.63,3.50–4.00,0,0,1,1,1,1,1
2026-03-01 16:42:08.869,Teknik Informatika,Laki - Laki,20,Bone,Bone,Sulawesi Selatan,SMK Yapis Timika,TKJ,3.74,Menengah,D4 / S1,D4 / S1,Karyawan Swasta,Karyawan Swasta,Rp 2.000.000 - Rp 5.000.000 per bulan,Rp 2.000.000 - Rp 5.000.000 per bulan,"Pengembangan Perangkat Lunak (Pemrograman, Rekayasa Perangkat Lunak, Pengembangan Web & Aplikasi Mobile)","Video pembelajaran (YouTube, e-learning, dll.), Media interaktif (simulasi, animasi, aplikasi edukasi), Website atau platform pembelajaran daring (Coursera, Udemy, Dicoding, dll.)",Reflective,Sensing,Visual,Sequential,1 - 2 jam,Peningkatan keterampilan,-,TKJ,Bone,0,9,0,2,2,3,3.74,3.50–4.00,0,0,1,1,1,0,0
2026-03-01 16:41:27.612,Teknik Informatika,Laki - Laki,20,Sunda,Kolaka utara,Sulawesi tenggara,Makassar,Airframe and powerplant,3.89,Menengah,D4 / S1,D4 / S1,Pegawai Negeri Sipil (PNS),Pegawai Negeri Sipil (PNS),Rp 2.000.000 - Rp 5.000.000 per bulan,Rp 2.000.000 - Rp 5.000.000 per bulan,"Pengembangan Perangkat Lunak (Pemrograman, Rekayasa Perangkat Lunak, Pengembangan Web & Aplikasi Mobile)","Coding platform atau IDE (misalnya: repl.it, Jupyter, VS Code)",Active,Sensing,Visual,Sequential,30 menit - 1 jam,Tantangan akademis,TDK ada ,RPL,Lainnya,0,8,5,2,2,2,3.89,3.50–4.00,0,0,0,0,0,0,1
2026-03-01 16:38:19.791,Sistem Informasi,Laki - Laki,21,MAKASSAR,Makassar,Sulsel,SMA 9,IPS,3.67,Menengah,D4 / S1,D4 / S1,Karyawan Swasta,Pegawai Negeri Sipil (PNS),Rp 2.000.000 - Rp 5.000.000 per bulan,Rp 2.000.000 - Rp 5.000.000 per bulan,"Sistem dan Jaringan Komputer (Jaringan Komputer, Sistem Operasi, Cloud Computing, Keamanan Siber)","Slide presentasi (PowerPoint) dari dosen, Video pembelajaran (YouTube, e-learning, dll.), Forum diskusi online atau grup belajar (WhatsApp, Telegram, LMS, dll.)",Active,Sensing,Visual,Sequential,Kurang dari 30 menit,Peningkatan keterampilan,-,IPS,Makassar,0,3,8,2,2,1,3.67,3.50–4.00,0,1,1,0,0,1,0
2026-03-01 16:28:24.109,Teknik Informatika,Laki - Laki,19,Minang,Kabupaten solok,Sumbar,Pondok pesantren waratsatul anbiya,Agama,3.15,Menengah,SMP,SMA,Pedagang / Wiraswasta,Tidak bekerja / Pensiunan,Rp 2.000.000 - Rp 5.000.000 per bulan,Kurang dari Rp 2.000.000 per bulan,"Data dan Kecerdasan Buatan (Basis Data, Kecerdasan Buatan, Machine Learning, Data Mining)","Buku teks atau modul cetak, Slide presentasi (PowerPoint) dari dosen, Video pembelajaran (YouTube, e-learning, dll.)",Active,Sensing,Visual,Global,Kurang dari 30 menit,Other..,Ndk ada,Keagamaan,Lainnya,0,4,5,2,1,1,3.15,3.00–3.50,1,1,1,0,0,0,0
2026-02-25 19:58:57.581,Teknik Informatika,Laki - Laki,22,mandar,mamuju,sulawesi barat,MAN 1 Negeri Mamuju,IPS,-,Menengah,D4 / S1,D4 / S1,Pegawai Negeri Sipil (PNS),Pegawai Negeri Sipil (PNS),Rp 2.000.000 - Rp 5.000.000 per bulan,Rp 2.000.000 - Rp 5.000.000 per bulan,"Teknologi dan Inovasi Digital (Robotika, Internet of Things, Blockchain, Teknologi Baru lainnya)","Video pembelajaran (YouTube, e-learning, dll.), Media interaktif (simulasi, animasi, aplikasi edukasi)",Active,Sensing,Visual,Sequential,30 menit - 1 jam,Other..,jaminan masa depan,IPS,Mamuju,0,3,10,2,2,2,3.71,3.50–4.00,0,0,1,1,0,0,0
2026-02-25 17:58:17.751,Teknik Informatika,Laki - Laki,20,Tolaki,Kota Kendari,Sulawesi Tenggara,SMA NEGERI 8 KENDARI,IPA,3,Rendah,S2,D4 / S1,Pegawai Negeri Sipil (PNS),Pegawai Negeri Sipil (PNS),Lebih dari Rp. 8.000.000 per bulan,Rp 5.000.000 - Rp 8.000.000 per bulan,"Sistem dan Jaringan Komputer (Jaringan Komputer, Sistem Operasi, Cloud Computing, Keamanan Siber)","Video pembelajaran (YouTube, e-learning, dll.), Media interaktif (simulasi, animasi, aplikasi edukasi), Website atau platform pembelajaran daring (Coursera, Udemy, Dicoding, dll.)",Active,Sensing,Visual,Sequential,1 - 2 jam,Peningkatan keterampilan,Tidak ada.,IPA,Kendari,0,2,3,4,3,3,3.0,3.00–3.50,0,0,1,1,1,0,0
2026-02-25 15:53:04.551,Teknik Informatika,Perempuan,21,Bugis,Kota makassar,Sulawesi Selatan,SMAN. 14 Makassar,IPA,3.8,Menengah,D4 / S1,D4 / S1,Pedagang / Wiraswasta,Tidak bekerja / Pensiunan,Rp 2.000.000 - Rp 5.000.000 per bulan,Kurang dari Rp 2.000.000 per bulan,"Pengembangan Perangkat Lunak (Pemrograman, Rekayasa Perangkat Lunak, Pengembangan Web & Aplikasi Mobile)",Slide presentasi (PowerPoint) dari dosen,Reflective,Sensing,Verbal,Global,30 menit - 1 jam,Pengakuan dari teman/sejawat,.. ,IPA,Makassar,1,2,8,2,1,2,3.8,3.50–4.00,0,1,0,0,0,0,0
2026-02-25 14:13:06.647,Teknik Informatika,Perempuan,21,Makassar,Gowa,Sulawesi Selatan,SMA Negeri 4 Gowa,IPA,"3,77",Menengah,SD,SD,Buruh / Petani / Nelayan,Buruh / Petani / Nelayan,Kurang dari Rp 2.000.000 per bulan,Kurang dari Rp 2.000.000 per bulan,"Data dan Kecerdasan Buatan (Basis Data, Kecerdasan Buatan, Machine Learning, Data Mining)","Slide presentasi (PowerPoint) dari dosen, Video pembelajaran (YouTube, e-learning, dll.), Media interaktif (simulasi, animasi, aplikasi edukasi), Forum diskusi online atau grup belajar (WhatsApp, Telegram, LMS, dll.)",Active,Sensing,Verbal,Sequential,30 menit - 1 jam,Other..,-,IPA,Gowa,1,2,2,1,1,2,3.77,3.50–4.00,0,1,1,1,0,1,0
2026-02-25 13:57:07.792,Teknik Informatika,Perempuan,21,Bugis,Bulukumba ,Sulawesi Selatan ,SMA negeri 1 Tondano ,IPA,3.69,Menengah,SMA,SMA,Tidak bekerja / Pensiunan,Tidak bekerja / Pensiunan,Kurang dari Rp 2.000.000 per bulan,Kurang dari Rp 2.000.000 per bulan,"Pengembangan Perangkat Lunak (Pemrograman, Rekayasa Perangkat Lunak, Pengembangan Web & Aplikasi Mobile)","Video pembelajaran (YouTube, e-learning, dll.)",Active,Intuitive,Verbal,Sequential,30 menit - 1 jam,Penghargaan atau sertifikat,-,IPA,Lainnya,1,2,5,1,1,2,3.69,3.50–4.00,0,0,1,0,0,0,0
2026-02-25 13:43:47.615,Teknik Informatika,Perempuan,23,Bugis,KOTA BALIKPAPAN,KALIMANTAN TIMUR,SMKN 2 BALIKPAPAN,RPL (rekayasa perangkat lunak),3.64,Menengah,SMA,SMA,Buruh / Petani / Nelayan,Tidak bekerja / Pensiunan,Rp 2.000.000 - Rp 5.000.000 per bulan,Kurang dari Rp 2.000.000 per bulan,"Data dan Kecerdasan Buatan (Basis Data, Kecerdasan Buatan, Machine Learning, Data Mining)","Video pembelajaran (YouTube, e-learning, dll.), Media interaktif (simulasi, animasi, aplikasi edukasi), Website atau platform pembelajaran daring (Coursera, Udemy, Dicoding, dll.)",Active,Sensing,Verbal,Global,1 - 2 jam,Peningkatan keterampilan,-,RPL,Lainnya,1,8,5,2,1,3,3.64,3.50–4.00,0,0,1,1,1,0,0
2026-02-25 13:27:04.884,Teknik Informatika,Laki - Laki,25,Jawa,Kota Makassar,Sulawesi Selatan,MAN 2 Kota Makassar,IPA,3.96,Menengah,D4 / S1,D4 / S1,Tidak bekerja / Pensiunan,Tidak bekerja / Pensiunan,Rp 2.000.000 - Rp 5.000.000 per bulan,Rp 2.000.000 - Rp 5.000.000 per bulan,"Data dan Kecerdasan Buatan (Basis Data, Kecerdasan Buatan, Machine Learning, Data Mining)","Buku teks atau modul cetak, Slide presentasi (PowerPoint) dari dosen, Video pembelajaran (YouTube, e-learning, dll.), Media interaktif (simulasi, animasi, aplikasi edukasi), Forum diskusi online atau grup belajar (WhatsApp, Telegram, LMS, dll.), Website atau platform pembelajaran daring (Coursera, Udemy, Dicoding, dll.), Coding platform atau IDE (misalnya: repl.it, Jupyter, VS Code)",Reflective,Sensing,Visual,Sequential,1 - 2 jam,Peningkatan keterampilan,-,IPA,Makassar,0,2,8,2,2,3,3.96,3.50–4.00,1,1,1,1,1,1,1
2026-02-06 22:52:48.541,Teknik Informatika,Laki - Laki,21,Makassar,Makassar,Sulawesi Selatan,MAN 3 MAKASSAR,IPA,3.87,Menengah,S2,D4 / S1,Pegawai Negeri Sipil (PNS),Pegawai Negeri Sipil (PNS),Lebih dari Rp. 8.000.000 per bulan,Rp 5.000.000 - Rp 8.000.000 per bulan,"Pengembangan Perangkat Lunak (Pemrograman, Rekayasa Perangkat Lunak, Pengembangan Web & Aplikasi Mobile)","Video pembelajaran (YouTube, e-learning, dll.), Website atau platform pembelajaran daring (Coursera, Udemy, Dicoding, dll.)",Active,Intuitive,Visual,Global,Lebih dari 2 jam,Peningkatan keterampilan,tidak ada,IPA,Makassar,0,2,8,4,3,4,3.87,3.50–4.00,0,0,1,0,1,0,0
2026-02-04 07:56:00.824,Teknik Informatika,Perempuan,20,Luwu,Luwu utara,Sulawesi Selatan,Nurul junaidiyah,IPA,3.13,Rendah,SMP,SMA,Profesional (Dokter / Pengacara / dll.),Pedagang / Wiraswasta,Kurang dari Rp 2.000.000 per bulan,Kurang dari Rp 2.000.000 per bulan,"Pengembangan Perangkat Lunak (Pemrograman, Rekayasa Perangkat Lunak, Pengembangan Web & Aplikasi Mobile)","Buku teks atau modul cetak, Slide presentasi (PowerPoint) dari dosen",Active,Intuitive,Verbal,Sequential,1 - 2 jam,Peningkatan keterampilan,-,IPA,Lainnya,1,2,5,1,1,3,3.13,3.00–3.50,1,1,0,0,0,0,0
2026-02-03 22:39:06.207,Teknik Informatika,Laki - Laki,23 Tahun,MAKASSAR,MAKASSAR,SULAWESI SELATAN,SMAN 20 MAKASSAR,IPA,3.73,Menengah,SMA,SMP,Karyawan Swasta,Tidak bekerja / Pensiunan,Rp 2.000.000 - Rp 5.000.000 per bulan,Kurang dari Rp 2.000.000 per bulan,"Pengembangan Perangkat Lunak (Pemrograman, Rekayasa Perangkat Lunak, Pengembangan Web & Aplikasi Mobile)","Coding platform atau IDE (misalnya: repl.it, Jupyter, VS Code)",Active,Sensing,Visual,Sequential,1 - 2 jam,Peningkatan keterampilan,lainnya,IPA,Makassar,0,2,8,2,1,3,3.73,3.50–4.00,0,0,0,0,0,0,1
2026-02-03 22:24:53.337,Teknik Informatika,Laki - Laki,22,Makassar,Gowa,Sulawesi Selatan,SMKN 1 Gowa,Akuntansi,3.64,Menengah,SMA,SMA,Karyawan Swasta,Tidak bekerja / Pensiunan,Rp 2.000.000 - Rp 5.000.000 per bulan,Kurang dari Rp 2.000.000 per bulan,"Pengembangan Perangkat Lunak (Pemrograman, Rekayasa Perangkat Lunak, Pengembangan Web & Aplikasi Mobile)","Buku teks atau modul cetak, Video pembelajaran (YouTube, e-learning, dll.), Forum diskusi online atau grup belajar (WhatsApp, Telegram, LMS, dll.), Coding platform atau IDE (misalnya: repl.it, Jupyter, VS Code)",Active,Sensing,Visual,Sequential,1 - 2 jam,Penghargaan atau sertifikat,-,Akuntansi,Gowa,0,0,2,2,1,3,3.64,3.50–4.00,1,0,1,0,0,1,1
2026-02-03 20:37:52.737,Teknik Informatika,Perempuan,18,Buton,Buton,Sulawesi Tenggara ,SMA NEGERI 1 PASARWAJO,IPA,3.38,Menengah,D4 / S1,D4 / S1,TNI / Polri,Pegawai Negeri Sipil (PNS),Rp 2.000.000 - Rp 5.000.000 per bulan,Rp 2.000.000 - Rp 5.000.000 per bulan,"Sistem dan Jaringan Komputer (Jaringan Komputer, Sistem Operasi, Cloud Computing, Keamanan Siber)","Slide presentasi (PowerPoint) dari dosen, Media interaktif (simulasi, animasi, aplikasi edukasi), Coding platform atau IDE (misalnya: repl.it, Jupyter, VS Code)",Active,Sensing,Visual,Sequential,30 menit - 1 jam,Peningkatan keterampilan,Tidak ada,IPA,Lainnya,1,2,5,2,2,2,3.38,3.00–3.50,0,1,0,1,0,0,1
2026-02-03 20:33:48.970,Teknik Informatika,Laki - Laki,20,Ambon,Maluku Tengah,Maluku,SMA Negeri 15 Maluku Tengah,IPA,88.07,Menengah,D4 / S1,D4 / S1,Pegawai Negeri Sipil (PNS),Pegawai Negeri Sipil (PNS),Rp 2.000.000 - Rp 5.000.000 per bulan,Rp 2.000.000 - Rp 5.000.000 per bulan,"Pengembangan Perangkat Lunak (Pemrograman, Rekayasa Perangkat Lunak, Pengembangan Web & Aplikasi Mobile)","Slide presentasi (PowerPoint) dari dosen, Video pembelajaran (YouTube, e-learning, dll.), Media interaktif (simulasi, animasi, aplikasi edukasi), Forum diskusi online atau grup belajar (WhatsApp, Telegram, LMS, dll.), Coding platform atau IDE (misalnya: repl.it, Jupyter, VS Code)",Active,Sensing,Visual,Global,30 menit - 1 jam,Peningkatan keterampilan,tidak ada,IPA,Maluku Tengah,0,2,9,2,2,2,3.71,3.50–4.00,0,1,1,1,0,1,1
2026-02-03 20:32:45.310,Teknik Informatika,Perempuan,18,Toraja,Luwu timur,Sulawesi selatan,SMA Ummul Mukminin,IPA,3.45,Menengah,D4 / S1,S2,Buruh / Petani / Nelayan,Pegawai Negeri Sipil (PNS),Rp 2.000.000 - Rp 5.000.000 per bulan,Rp 5.000.000 - Rp 8.000.000 per bulan,"Pengembangan Perangkat Lunak (Pemrograman, Rekayasa Perangkat Lunak, Pengembangan Web & Aplikasi Mobile)","Video pembelajaran (YouTube, e-learning, dll.), Website atau platform pembelajaran daring (Coursera, Udemy, Dicoding, dll.)",Active,Intuitive,Visual,Sequential,30 menit - 1 jam,Pengakuan dari teman/sejawat,-,IPA,Luwu Timur,1,2,7,2,3,2,3.45,3.00–3.50,0,0,1,0,1,0,0
2026-02-03 20:20:35.958,Teknik Informatika,Perempuan,18,Makassar ,Makassar ,Sulawesi Selatan ,SMK Negeri 10 Makassar ,TKJ,3.95,Menengah,D3,D3,Tidak bekerja / Pensiunan,Tidak bekerja / Pensiunan,Kurang dari Rp 2.000.000 per bulan,Kurang dari Rp 2.000.000 per bulan,"Teknologi dan Inovasi Digital (Robotika, Internet of Things, Blockchain, Teknologi Baru lainnya)","Buku teks atau modul cetak, Video pembelajaran (YouTube, e-learning, dll.), Media interaktif (simulasi, animasi, aplikasi edukasi), Website atau platform pembelajaran daring (Coursera, Udemy, Dicoding, dll.), Coding platform atau IDE (misalnya: repl.it, Jupyter, VS Code)",Reflective,Sensing,Visual,Sequential,30 menit - 1 jam,Peningkatan keterampilan,Tidak ada,TKJ,Makassar,1,9,8,1,1,2,3.95,3.50–4.00,1,0,1,1,1,0,1
2026-02-03 20:18:02.910,Teknik Informatika,Perempuan,19,Bugis,Luwu timur,Sulawesi Selatan ,SMAN 6 LUWU TIMUR,IPA,"3,45",Menengah,D3,SD,Buruh / Petani / Nelayan,Pedagang / Wiraswasta,Kurang dari Rp 2.000.000 per bulan,Rp 2.000.000 - Rp 5.000.000 per bulan,"Teknologi dan Inovasi Digital (Robotika, Internet of Things, Blockchain, Teknologi Baru lainnya)",Buku teks atau modul cetak,Active,Sensing,Verbal,Sequential,30 menit - 1 jam,Peningkatan keterampilan,Tidak ada,IPA,Luwu Timur,1,2,7,1,2,2,3.45,3.00–3.50,1,0,0,0,0,0,0
2026-02-03 20:10:12.824,Teknik Informatika,Perempuan,20,Jawa,Makassar ,Sulawesi Selatan ,SMAN 3 MAKASSAR,IPA,3.63,Menengah,SMA,SMA,Karyawan Swasta,Tidak bekerja / Pensiunan,Rp 2.000.000 - Rp 5.000.000 per bulan,Kurang dari Rp 2.000.000 per bulan,"Pengembangan Perangkat Lunak (Pemrograman, Rekayasa Perangkat Lunak, Pengembangan Web & Aplikasi Mobile)","Slide presentasi (PowerPoint) dari dosen, Video pembelajaran (YouTube, e-learning, dll.), Forum diskusi online atau grup belajar (WhatsApp, Telegram, LMS, dll.)",Active,Sensing,Visual,Sequential,30 menit - 1 jam,Peningkatan keterampilan,-,IPA,Makassar,1,2,8,2,1,2,3.63,3.50–4.00,0,1,1,0,0,1,0
2026-02-03 20:07:03.582,Teknik Informatika,Perempuan,18,Bugis,Luwu,Sulawesi selatan,SMAN 3 LUWU,IPA,"3,68",Menengah,SMA,SMA,Karyawan Swasta,Tidak bekerja / Pensiunan,Lebih dari Rp. 8.000.000 per bulan,Kurang dari Rp 2.000.000 per bulan,"Pengembangan Perangkat Lunak (Pemrograman, Rekayasa Perangkat Lunak, Pengembangan Web & Aplikasi Mobile)","Slide presentasi (PowerPoint) dari dosen, Video pembelajaran (YouTube, e-learning, dll.), Website atau platform pembelajaran daring (Coursera, Udemy, Dicoding, dll.)",Active,Sensing,Visual,Sequential,1 - 2 jam,Peningkatan keterampilan,Tidak ada,IPA,Luwu,1,2,6,4,1,3,3.68,3.50–4.00,0,1,1,0,1,0,0
2026-02-03 20:04:02.481,Teknik Informatika,Perempuan,18 Tahun,Sasak,Mamuju Tengah,Sulawesi Barat,Ummul Mukminin Makassar,Keagamaan ,"3,74",Menengah,D4 / S1,D4 / S1,Pegawai Negeri Sipil (PNS),Tenaga Pendidik (Dosen/Guru),Rp 2.000.000 - Rp 5.000.000 per bulan,Rp 2.000.000 - Rp 5.000.000 per bulan,"Komputasi Visual dan Interaksi (Pengolahan Citra Digital, Computer Vision, Interaksi Manusia dan Komputer, Multimedia)","Slide presentasi (PowerPoint) dari dosen, Media interaktif (simulasi, animasi, aplikasi edukasi)",Active,Sensing,Visual,Sequential,30 menit - 1 jam,Peningkatan keterampilan,-,Keagamaan,Lainnya,1,4,5,2,2,2,3.74,3.50–4.00,0,1,0,1,0,0,0
2026-02-03 20:03:26.683,Teknik Informatika,Perempuan,19,toraja bugis,kolaka utara,sulawesi tenggara ,SMAN 1 PAKUE,kurikulum merdeka,3.7,Menengah,SD,SMA,Buruh / Petani / Nelayan,Pedagang / Wiraswasta,Rp 2.000.000 - Rp 5.000.000 per bulan,Kurang dari Rp 2.000.000 per bulan,"Pengembangan Perangkat Lunak (Pemrograman, Rekayasa Perangkat Lunak, Pengembangan Web & Aplikasi Mobile)","Media interaktif (simulasi, animasi, aplikasi edukasi), Website atau platform pembelajaran daring (Coursera, Udemy, Dicoding, dll.)",Active,Sensing,Visual,Sequential,30 menit - 1 jam,Peningkatan keterampilan,"pada masa SMA disekolah saya menggunakan kurikulum merdeka yang dimana setiap mata pelajaran telah dikelompokkan sehingga tidak ada lagi jurusan ipa atau ipa, dan saya mengambil kelas kimia,fisika",Kurikulum Merdeka,Lainnya,1,5,5,2,1,2,3.7,3.50–4.00,0,0,0,1,1,0,0
2026-02-03 19:56:43.921,Teknik Informatika,Perempuan,19,mandar,mamuju,sulawesi barat,man 1 mamuju,IPA,3.65,Menengah,SMA,D4 / S1,Tidak bekerja / Pensiunan,Pegawai Negeri Sipil (PNS),Kurang dari Rp 2.000.000 per bulan,Rp 2.000.000 - Rp 5.000.000 per bulan,"Teknologi dan Inovasi Digital (Robotika, Internet of Things, Blockchain, Teknologi Baru lainnya)","Video pembelajaran (YouTube, e-learning, dll.)",Reflective,Sensing,Visual,Sequential,1 - 2 jam,Tantangan akademis,tidak ada,IPA,Mamuju,1,2,10,1,2,3,3.65,3.50–4.00,0,0,1,0,0,0,0
2026-02-03 19:40:04.227,Teknik Informatika,Perempuan,19,Bugis,KABUPATEN PINRANG,SULAWESI SELATAN,SMKN 1 PINRANG,Multimedia dan Teknik Informatika,3.34,Menengah,SMA,SMA,Pedagang / Wiraswasta,Tidak bekerja / Pensiunan,Rp 2.000.000 - Rp 5.000.000 per bulan,Kurang dari Rp 2.000.000 per bulan,"Komputasi Visual dan Interaksi (Pengolahan Citra Digital, Computer Vision, Interaksi Manusia dan Komputer, Multimedia)","Video pembelajaran (YouTube, e-learning, dll.), Media interaktif (simulasi, animasi, aplikasi edukasi)",Active,Sensing,Visual,Sequential,30 menit - 1 jam,Peningkatan keterampilan,-,Multimedia,Pinrang,1,7,14,2,1,2,3.34,3.00–3.50,0,0,1,1,0,0,0
2026-02-03 19:37:23.074,Teknik Informatika,Perempuan,19,Bugis,Luwu Timur,Sulawesi Selatan,SMA 5 LUWU TIMUR,IPA,3.56,Menengah,SMA,SMA,Karyawan Swasta,Tidak bekerja / Pensiunan,Rp 5.000.000 - Rp 8.000.000 per bulan,Kurang dari Rp 2.000.000 per bulan,"Pengembangan Perangkat Lunak (Pemrograman, Rekayasa Perangkat Lunak, Pengembangan Web & Aplikasi Mobile)","Video pembelajaran (YouTube, e-learning, dll.), Media interaktif (simulasi, animasi, aplikasi edukasi), Forum diskusi online atau grup belajar (WhatsApp, Telegram, LMS, dll.)",Active,Sensing,Visual,Sequential,1 - 2 jam,Peningkatan keterampilan,-,IPA,Luwu Timur,1,2,7,3,1,3,3.56,3.50–4.00,0,0,1,1,0,1,0
2026-02-03 19:32:26.468,Teknik Informatika,Perempuan,18,Leutuang ,Lembata ,Nusa tenggara Timur ,SMA negeri 1 balauring ,Bahasa,3.26,Rendah,D3,SMA,Pedagang / Wiraswasta,Tidak bekerja / Pensiunan,Kurang dari Rp 2.000.000 per bulan,Kurang dari Rp 2.000.000 per bulan,"Data dan Kecerdasan Buatan (Basis Data, Kecerdasan Buatan, Machine Learning, Data Mining)",Buku teks atau modul cetak,Active,Intuitive,Verbal,Global,1 - 2 jam,Peningkatan keterampilan,Tidak ada,Bahasa,Lainnya,1,1,5,1,1,3,3.26,3.00–3.50,1,0,0,0,0,0,0
2026-02-03 19:24:39.203,Teknik Informatika,Perempuan,19,Bugis,Kota Makassar,Sulawesi Selatan,SMAN 9 MAKASSAR,kelas umum (Kurikulum Merdeka),"3,25",Menengah,D4 / S1,D4 / S1,Tidak bekerja / Pensiunan,Tidak bekerja / Pensiunan,Rp 2.000.000 - Rp 5.000.000 per bulan,Kurang dari Rp 2.000.000 per bulan,"Komputasi Visual dan Interaksi (Pengolahan Citra Digital, Computer Vision, Interaksi Manusia dan Komputer, Multimedia)","Media interaktif (simulasi, animasi, aplikasi edukasi), Coding platform atau IDE (misalnya: repl.it, Jupyter, VS Code)",Active,Sensing,Verbal,Global,Lebih dari 2 jam,Peningkatan keterampilan,.,Kurikulum Merdeka,Makassar,1,5,8,2,1,4,3.25,3.00–3.50,0,0,0,1,0,0,1
2026-02-03 19:15:05.807,Teknik Informatika,Perempuan,18,toraja ,kab. luwu timur ,sulawesi selatan ,sma 2 luwu timur,kurikulum merdeka ,"3,46",Rendah,SMP,D4 / S1,Buruh / Petani / Nelayan,Pedagang / Wiraswasta,Kurang dari Rp 2.000.000 per bulan,Kurang dari Rp 2.000.000 per bulan,"Pengembangan Perangkat Lunak (Pemrograman, Rekayasa Perangkat Lunak, Pengembangan Web & Aplikasi Mobile)","Video pembelajaran (YouTube, e-learning, dll.), Media interaktif (simulasi, animasi, aplikasi edukasi)",Active,Sensing,Verbal,Sequential,30 menit - 1 jam,Peningkatan keterampilan,jurusan sekolah: saya sudah pakai kurikulum merdeka dimana setiap kelas dipisahkan sesuai jurusan yang diminati di perguruan tinggi,Kurikulum Merdeka,Luwu Timur,1,5,7,1,1,2,3.46,3.00–3.50,0,0,1,1,0,0,0
2026-02-03 18:55:52.167,Teknik Informatika,Laki - Laki,17,Buton,Kota Bau-bau,Sulawesi Tenggara,SMA Islam Terpadu Al-Qalam Kendari,IPA,"3,28",Menengah,D4 / S1,SMA,Pedagang / Wiraswasta,Tidak bekerja / Pensiunan,Rp 2.000.000 - Rp 5.000.000 per bulan,Kurang dari Rp 2.000.000 per bulan,"Pengembangan Perangkat Lunak (Pemrograman, Rekayasa Perangkat Lunak, Pengembangan Web & Aplikasi Mobile)","Slide presentasi (PowerPoint) dari dosen, Video pembelajaran (YouTube, e-learning, dll.), Media interaktif (simulasi, animasi, aplikasi edukasi)",Active,Sensing,Visual,Sequential,30 menit - 1 jam,Peningkatan keterampilan,Tidak Ada,IPA,Lainnya,0,2,5,2,1,2,3.28,3.00–3.50,0,1,1,1,0,0,0
2026-02-03 18:54:08.039,Teknik Informatika,Perempuan,19,Buton,Banggai laut,Sulawesi Tengah ,SMA negeri 1 Banggai laut,Bahasa,"3,3",Menengah,SMA,SMP,Pedagang / Wiraswasta,Tidak bekerja / Pensiunan,Kurang dari Rp 2.000.000 per bulan,Kurang dari Rp 2.000.000 per bulan,"Pengembangan Perangkat Lunak (Pemrograman, Rekayasa Perangkat Lunak, Pengembangan Web & Aplikasi Mobile)","Buku teks atau modul cetak, Forum diskusi online atau grup belajar (WhatsApp, Telegram, LMS, dll.)",Active,Sensing,Verbal,Sequential,1 - 2 jam,Penghargaan atau sertifikat,Pilihan pertama,Bahasa,Lainnya,1,1,5,1,1,3,3.3,3.00–3.50,1,0,0,0,0,1,0
2026-02-03 18:49:57.446,Teknik Informatika,Perempuan,18,toraja-bugis,luwu timur,sulawesi selatan,SMA IT wahdah islamiyah 01 tomoni,tahfidz,"3,58",Menengah,SD,SMP,Buruh / Petani / Nelayan,Buruh / Petani / Nelayan,Rp 2.000.000 - Rp 5.000.000 per bulan,Rp 2.000.000 - Rp 5.000.000 per bulan,"Pengembangan Perangkat Lunak (Pemrograman, Rekayasa Perangkat Lunak, Pengembangan Web & Aplikasi Mobile)","Video pembelajaran (YouTube, e-learning, dll.)",Active,Sensing,Visual,Sequential,1 - 2 jam,Penghargaan atau sertifikat,-,Keagamaan,Luwu Timur,1,4,7,2,2,3,3.58,3.50–4.00,0,0,1,0,0,0,0
2026-02-03 18:37:30.130,Teknik Informatika,Perempuan,18,Jawa,Sukoharjo,Jawa Tengah,SMA NEGERI 14 MAKASSAR,IPA,3.6,Menengah,SMA,SMA,Pedagang / Wiraswasta,Tidak bekerja / Pensiunan,Rp 2.000.000 - Rp 5.000.000 per bulan,Kurang dari Rp 2.000.000 per bulan,"Komputasi Visual dan Interaksi (Pengolahan Citra Digital, Computer Vision, Interaksi Manusia dan Komputer, Multimedia)","Buku teks atau modul cetak, Slide presentasi (PowerPoint) dari dosen",Reflective,Sensing,Visual,Sequential,30 menit - 1 jam,Peningkatan keterampilan,-,IPA,Lainnya,1,2,5,2,1,2,3.6,3.50–4.00,1,1,0,0,0,0,0
2026-02-03 18:34:16.792,Teknik Informatika,Perempuan,19 tahun,Bugis,Maros,Sulawesi Selatan,SMAN 1 Maros,IPA,3.66,Menengah,D4 / S1,S2,TNI / Polri,Pegawai Negeri Sipil (PNS),Rp 2.000.000 - Rp 5.000.000 per bulan,Rp 2.000.000 - Rp 5.000.000 per bulan,"Pengembangan Perangkat Lunak (Pemrograman, Rekayasa Perangkat Lunak, Pengembangan Web & Aplikasi Mobile)","Slide presentasi (PowerPoint) dari dosen, Video pembelajaran (YouTube, e-learning, dll.)",Active,Intuitive,Visual,Sequential,1 - 2 jam,Peningkatan keterampilan,-,IPA,Maros,1,2,11,2,2,3,3.66,3.50–4.00,0,1,1,0,0,0,0
2026-02-03 18:30:45.118,Teknik Informatika,Perempuan,19,Bugis,Luwu,Sulawesi Selatan ,SMAN 1 LUWU,Kurikulum Merdeka,3.68,Menengah,SMP,SD,Pedagang / Wiraswasta,Tidak bekerja / Pensiunan,Rp 2.000.000 - Rp 5.000.000 per bulan,Kurang dari Rp 2.000.000 per bulan,"Komputasi Visual dan Interaksi (Pengolahan Citra Digital, Computer Vision, Interaksi Manusia dan Komputer, Multimedia)","Video pembelajaran (YouTube, e-learning, dll.), Media interaktif (simulasi, animasi, aplikasi edukasi)",Active,Sensing,Visual,Sequential,1 - 2 jam,Peningkatan keterampilan,-,Kurikulum Merdeka,Luwu,1,5,6,2,1,3,3.68,3.50–4.00,0,0,1,1,0,0,0
2026-02-03 18:27:25.632,Teknik Informatika,Perempuan,19,Bugis,Enre kaki ,Sulawesi Selatan ,SMA Negri 1 Enrekang ,IPA,3.88,Menengah,SMA,SMP,Buruh / Petani / Nelayan,Buruh / Petani / Nelayan,Kurang dari Rp 2.000.000 per bulan,Kurang dari Rp 2.000.000 per bulan,"Teknologi dan Inovasi Digital (Robotika, Internet of Things, Blockchain, Teknologi Baru lainnya)","Buku teks atau modul cetak, Video pembelajaran (YouTube, e-learning, dll.), Media interaktif (simulasi, animasi, aplikasi edukasi), Website atau platform pembelajaran daring (Coursera, Udemy, Dicoding, dll.), Coding platform atau IDE (misalnya: repl.it, Jupyter, VS Code)",Active,Sensing,Visual,Sequential,Lebih dari 2 jam,Tantangan akademis,-,IPA,Lainnya,1,2,5,1,1,4,3.88,3.50–4.00,1,0,1,1,1,0,1
2026-02-03 18:22:25.316,Teknik Informatika,Perempuan,18,bugia,morowali utara,sulawesi tengah,SMKN 1 bungku utara,TKJ,2.41,Menengah,SMP,SMP,Pedagang / Wiraswasta,Pedagang / Wiraswasta,Rp 2.000.000 - Rp 5.000.000 per bulan,Rp 2.000.000 - Rp 5.000.000 per bulan,"Sistem dan Jaringan Komputer (Jaringan Komputer, Sistem Operasi, Cloud Computing, Keamanan Siber)",Buku teks atau modul cetak,Active,Sensing,Verbal,Sequential,30 menit - 1 jam,Peningkatan keterampilan,tidk ada,TKJ,Lainnya,1,9,5,2,2,2,2.41,< 2.75,1,0,0,0,0,0,0
2026-02-03 18:10:00.016,Teknik Informatika,Perempuan,18 tahun,makassar,kota makassar,sulawesi selatan,Sma Islam Al bayyinah Makassar,IPA,"3,55",Menengah,D4 / S1,D4 / S1,Pegawai Negeri Sipil (PNS),Tidak bekerja / Pensiunan,Lebih dari Rp. 8.000.000 per bulan,Kurang dari Rp 2.000.000 per bulan,"Pengembangan Perangkat Lunak (Pemrograman, Rekayasa Perangkat Lunak, Pengembangan Web & Aplikasi Mobile)","Buku teks atau modul cetak, Slide presentasi (PowerPoint) dari dosen",Active,Sensing,Verbal,Sequential,30 menit - 1 jam,Penghargaan atau sertifikat,tidak ada,IPA,Makassar,1,2,8,4,1,2,3.55,3.50–4.00,1,1,0,0,0,0,0
2026-02-03 18:06:07.616,Teknik Informatika,Perempuan,19,makassar,morowali utara,selawesi tengah,SMKN 1 PETASIA TIMUR,RPL,"3,88",Menengah,SD,SD,Buruh / Petani / Nelayan,Tidak bekerja / Pensiunan,Rp 2.000.000 - Rp 5.000.000 per bulan,Kurang dari Rp 2.000.000 per bulan,"Pengembangan Perangkat Lunak (Pemrograman, Rekayasa Perangkat Lunak, Pengembangan Web & Aplikasi Mobile)","Forum diskusi online atau grup belajar (WhatsApp, Telegram, LMS, dll.), Website atau platform pembelajaran daring (Coursera, Udemy, Dicoding, dll.)",Reflective,Sensing,Verbal,Global,30 menit - 1 jam,Peningkatan keterampilan,-,RPL,Lainnya,1,8,5,2,1,2,3.88,3.50–4.00,0,0,0,0,1,1,0
2026-02-03 18:00:14.864,Teknik Informatika,Perempuan,18,jawa,luwu  timur,sulawesi selatan,SMA 8 LUWU TIMUR,IPA,3.2,Menengah,SD,SD,Buruh / Petani / Nelayan,Tidak bekerja / Pensiunan,Kurang dari Rp 2.000.000 per bulan,Kurang dari Rp 2.000.000 per bulan,"Sistem dan Jaringan Komputer (Jaringan Komputer, Sistem Operasi, Cloud Computing, Keamanan Siber)",Buku teks atau modul cetak,Active,Intuitive,Visual,Sequential,Kurang dari 30 menit,Peningkatan keterampilan,tidak ada,IPA,Lainnya,1,2,5,1,1,1,3.2,3.00–3.50,1,0,0,0,0,0,0
2026-02-03 17:54:05.806,Teknik Informatika,Laki - Laki,19,-,makassar,sulawesi selatan,SMA NEGRI 1 LUWU UTARA,IPA,2.78,Menengah,SMA,D4 / S1,TNI / Polri,Tidak bekerja / Pensiunan,Rp 5.000.000 - Rp 8.000.000 per bulan,Kurang dari Rp 2.000.000 per bulan,"Sistem dan Jaringan Komputer (Jaringan Komputer, Sistem Operasi, Cloud Computing, Keamanan Siber)","Slide presentasi (PowerPoint) dari dosen, Video pembelajaran (YouTube, e-learning, dll.), Forum diskusi online atau grup belajar (WhatsApp, Telegram, LMS, dll.)",Active,Intuitive,Visual,Sequential,30 menit - 1 jam,Peningkatan keterampilan,-,IPA,Makassar,0,2,8,3,1,2,2.78,2.75–3.00,0,1,1,0,0,1,0
2026-02-03 17:38:16.657,Teknik Informatika,Laki - Laki,19,Bugis,Konawe,Sulawesi tenggara,Sma 1 routa,IPA,3.5,Menengah,D4 / S1,D4 / S1,Pedagang / Wiraswasta,Pegawai Negeri Sipil (PNS),Rp 5.000.000 - Rp 8.000.000 per bulan,Rp 5.000.000 - Rp 8.000.000 per bulan,"Data dan Kecerdasan Buatan (Basis Data, Kecerdasan Buatan, Machine Learning, Data Mining)","Slide presentasi (PowerPoint) dari dosen, Video pembelajaran (YouTube, e-learning, dll.), Media interaktif (simulasi, animasi, aplikasi edukasi), Forum diskusi online atau grup belajar (WhatsApp, Telegram, LMS, dll.), Website atau platform pembelajaran daring (Coursera, Udemy, Dicoding, dll.), Coding platform atau IDE (misalnya: repl.it, Jupyter, VS Code)",Active,Sensing,Visual,Sequential,30 menit - 1 jam,Peningkatan keterampilan,Baik,IPA,Konawe,0,2,4,3,3,2,3.5,3.50–4.00,0,1,1,1,1,1,1
2026-02-03 17:34:33.991,Teknik Informatika,Laki - Laki,18,Bugis,Bulungan ,Kalimantan Utara,SMKN 1 Bunyu,Teknik perminyakan ,"3,21",Menengah,SMA,SMP,Karyawan Swasta,Tidak bekerja / Pensiunan,Rp 2.000.000 - Rp 5.000.000 per bulan,Kurang dari Rp 2.000.000 per bulan,"Komputasi Visual dan Interaksi (Pengolahan Citra Digital, Computer Vision, Interaksi Manusia dan Komputer, Multimedia)",Slide presentasi (PowerPoint) dari dosen,Active,Sensing,Verbal,Sequential,1 - 2 jam,Peningkatan keterampilan,Tidak ada,Lainnya,Lainnya,0,6,5,2,1,3,3.21,3.00–3.50,0,1,0,0,0,0,0
2026-02-03 16:55:58.556,Teknik Informatika,Laki - Laki,18,Bima,Bima,NTB,SMAN 1 Kota Bima,IPS,"3,28",Menengah,SMA,SMA,Pedagang / Wiraswasta,Tidak bekerja / Pensiunan,Kurang dari Rp 2.000.000 per bulan,Kurang dari Rp 2.000.000 per bulan,"Komputasi Visual dan Interaksi (Pengolahan Citra Digital, Computer Vision, Interaksi Manusia dan Komputer, Multimedia)",Buku teks atau modul cetak,Active,Sensing,Verbal,Sequential,1 - 2 jam,Peningkatan keterampilan,tidak ada,IPS,Lainnya,0,3,5,1,1,3,3.28,3.00–3.50,1,0,0,0,0,0,0
2026-02-03 16:45:22.931,Teknik Informatika,Perempuan,21,Bugis,Bone,Sulawesi selatan,UPT SMAN 1 KAHU,IPA,-,Menengah,SMA,SMA,TNI / Polri,Tidak bekerja / Pensiunan,Rp 2.000.000 - Rp 5.000.000 per bulan,Kurang dari Rp 2.000.000 per bulan,"Pengembangan Perangkat Lunak (Pemrograman, Rekayasa Perangkat Lunak, Pengembangan Web & Aplikasi Mobile)","Buku teks atau modul cetak, Slide presentasi (PowerPoint) dari dosen, Video pembelajaran (YouTube, e-learning, dll.), Media interaktif (simulasi, animasi, aplikasi edukasi), Coding platform atau IDE (misalnya: repl.it, Jupyter, VS Code)",Active,Sensing,Verbal,Sequential,30 menit - 1 jam,Tantangan akademis,-,IPA,Bone,1,2,0,2,1,2,3.71,3.50–4.00,1,1,1,1,0,0,1
2026-02-03 16:39:29.064,Teknik Informatika,Laki - Laki,23,Ambon-bugis,Sorong,Papua barat daya,SMA N 2 Kota Sorong,IPA,"3,55",Menengah,D4 / S1,SMA,Pegawai Negeri Sipil (PNS),Pedagang / Wiraswasta,Rp 5.000.000 - Rp 8.000.000 per bulan,Rp 2.000.000 - Rp 5.000.000 per bulan,"Sistem dan Jaringan Komputer (Jaringan Komputer, Sistem Operasi, Cloud Computing, Keamanan Siber)","Buku teks atau modul cetak, Slide presentasi (PowerPoint) dari dosen, Media interaktif (simulasi, animasi, aplikasi edukasi), Forum diskusi online atau grup belajar (WhatsApp, Telegram, LMS, dll.), Coding platform atau IDE (misalnya: repl.it, Jupyter, VS Code)",Active,Sensing,Visual,Sequential,1 - 2 jam,Penghargaan atau sertifikat,"Cukup, terimakasih kasih🙏",IPA,Lainnya,0,2,5,3,2,3,3.55,3.50–4.00,1,1,0,1,0,1,1
2026-02-03 16:37:47.855,Teknik Informatika,Laki - Laki,19,Bugis,Wajo,Sulawesi Selatan ,MA DAARUL MU MININ AS ADIYAH DOPING ,IPA,"3,31",Menengah,SMA,SMP,Pedagang / Wiraswasta,Tidak bekerja / Pensiunan,Kurang dari Rp 2.000.000 per bulan,Kurang dari Rp 2.000.000 per bulan,"Pengembangan Perangkat Lunak (Pemrograman, Rekayasa Perangkat Lunak, Pengembangan Web & Aplikasi Mobile)","Media interaktif (simulasi, animasi, aplikasi edukasi)",Active,Sensing,Visual,Sequential,30 menit - 1 jam,Tantangan akademis,Tidak ada jawaban lainnya,IPA,Wajo,0,2,17,1,1,2,3.31,3.00–3.50,0,0,0,1,0,0,0
2026-02-03 16:33:59.406,Teknik Informatika,Laki - Laki,18,Bugis,pulau Morotai,maluku Utara,MA BAHARI USBAR,IPS,3,Rendah,SD,SD,Buruh / Petani / Nelayan,Tidak bekerja / Pensiunan,Kurang dari Rp 2.000.000 per bulan,Kurang dari Rp 2.000.000 per bulan,"Sistem dan Jaringan Komputer (Jaringan Komputer, Sistem Operasi, Cloud Computing, Keamanan Siber)","Buku teks atau modul cetak, Website atau platform pembelajaran daring (Coursera, Udemy, Dicoding, dll.)",Active,Intuitive,Visual,Sequential,30 menit - 1 jam,Peningkatan keterampilan,saya lebih suka cyber security,IPS,Lainnya,0,3,5,1,1,2,3.0,3.00–3.50,1,0,0,0,1,0,0
2026-02-03 16:33:10.911,Teknik Informatika,Laki - Laki,18,Bugis,Makassar,Sulawesi Selatan,Pesantren IMMIM Putra Moncongloe,IPA,"3,6",Menengah,D4 / S1,SMA,Karyawan Swasta,Pegawai Negeri Sipil (PNS),Rp 2.000.000 - Rp 5.000.000 per bulan,Rp 2.000.000 - Rp 5.000.000 per bulan,"Komputasi Visual dan Interaksi (Pengolahan Citra Digital, Computer Vision, Interaksi Manusia dan Komputer, Multimedia)","Media interaktif (simulasi, animasi, aplikasi edukasi), Coding platform atau IDE (misalnya: repl.it, Jupyter, VS Code)",Active,Sensing,Verbal,Sequential,30 menit - 1 jam,Peningkatan keterampilan,Tidak ada,IPA,Makassar,0,2,8,2,2,2,3.6,3.50–4.00,0,0,0,1,0,0,1
2026-02-03 16:28:16.518,Teknik Informatika,Perempuan,17,Makassar,Jeneponto,Sulawesi Selatan,SMA Negeri 1 Takalar,IPA,3.61,Menengah,SMA,SMA,TNI / Polri,Tidak bekerja / Pensiunan,Rp 2.000.000 - Rp 5.000.000 per bulan,Kurang dari Rp 2.000.000 per bulan,"Pengembangan Perangkat Lunak (Pemrograman, Rekayasa Perangkat Lunak, Pengembangan Web & Aplikasi Mobile)",Slide presentasi (PowerPoint) dari dosen,Active,Intuitive,Verbal,Sequential,1 - 2 jam,Peningkatan keterampilan,saya tidak memilih jawaban lainnya,IPA,Lainnya,1,2,5,2,1,3,3.61,3.50–4.00,0,1,0,0,0,0,0
2026-02-03 16:24:46.303,Teknik Informatika,Laki - Laki,18,Bugis,Pangkajene dan kepulauan ,Sulawesi Selatan ,SMAN 2 pangkep ,IPA,"3,40",Menengah,D4 / S1,SMA,Pegawai Negeri Sipil (PNS),Tidak bekerja / Pensiunan,Rp 5.000.000 - Rp 8.000.000 per bulan,Kurang dari Rp 2.000.000 per bulan,"Pengembangan Perangkat Lunak (Pemrograman, Rekayasa Perangkat Lunak, Pengembangan Web & Aplikasi Mobile)",Slide presentasi (PowerPoint) dari dosen,Active,Intuitive,Visual,Sequential,30 menit - 1 jam,Peningkatan keterampilan,Tidak ada ,IPA,Pangkep,0,2,13,3,1,2,3.4,3.00–3.50,0,1,0,0,0,0,0
2026-02-03 16:20:02.631,Teknik Informatika,Laki - Laki,19,Bugis,Bone,Sulawesi Selatan,SMK Darussalam Makassar,RPL,"3,22",Rendah,SD,SMA,Tidak bekerja / Pensiunan,Tidak bekerja / Pensiunan,Kurang dari Rp 2.000.000 per bulan,Kurang dari Rp 2.000.000 per bulan,"Pengembangan Perangkat Lunak (Pemrograman, Rekayasa Perangkat Lunak, Pengembangan Web & Aplikasi Mobile)","Media interaktif (simulasi, animasi, aplikasi edukasi), Coding platform atau IDE (misalnya: repl.it, Jupyter, VS Code)",Active,Sensing,Visual,Sequential,1 - 2 jam,Peningkatan keterampilan,tidak ada,RPL,Bone,0,8,0,1,1,3,3.22,3.00–3.50,0,0,0,1,0,0,1
2026-02-03 16:19:30.847,Teknik Informatika,Laki - Laki,18,Bugis,Pangkep ,Sulawesi Selatan ,SMA PGRI Pulau Salemo ,IPS,3.5,Menengah,SD,SD,Tidak bekerja / Pensiunan,Buruh / Petani / Nelayan,Kurang dari Rp 2.000.000 per bulan,Kurang dari Rp 2.000.000 per bulan,"Pengembangan Perangkat Lunak (Pemrograman, Rekayasa Perangkat Lunak, Pengembangan Web & Aplikasi Mobile)","Buku teks atau modul cetak, Slide presentasi (PowerPoint) dari dosen, Media interaktif (simulasi, animasi, aplikasi edukasi)",Active,Intuitive,Visual,Sequential,30 menit - 1 jam,Peningkatan keterampilan,Tidak ada,IPS,Pangkep,0,3,13,1,1,2,3.5,3.50–4.00,1,1,0,1,0,0,0
2026-02-03 16:18:15.347,Teknik Informatika,Laki - Laki,18,mandar,polewali mandar,sulawesi barat,SMAN 1 POLEWALI,IPS,"3,3",Menengah,S2,S3,Karyawan Swasta,Pegawai Negeri Sipil (PNS),Rp 5.000.000 - Rp 8.000.000 per bulan,Rp 5.000.000 - Rp 8.000.000 per bulan,"Pengembangan Perangkat Lunak (Pemrograman, Rekayasa Perangkat Lunak, Pengembangan Web & Aplikasi Mobile)","Slide presentasi (PowerPoint) dari dosen, Media interaktif (simulasi, animasi, aplikasi edukasi)",Active,Sensing,Verbal,Sequential,30 menit - 1 jam,Peningkatan keterampilan, .,IPS,Lainnya,0,3,5,3,3,2,3.3,3.00–3.50,0,1,0,1,0,0,0
2026-02-03 15:32:50.105,Teknik Informatika,Laki - Laki,21,Makassar ,Pangkajene dan Kepulauan ,Sulawesi Selatan ,SMK Penerbangan Techno Terapan Makassar ,Rangka Dan Mesin Pesat Terbang,3.84,Menengah,S2,D4 / S1,Pegawai Negeri Sipil (PNS),Pegawai Negeri Sipil (PNS),Lebih dari Rp. 8.000.000 per bulan,Lebih dari Rp. 8.000.000 per bulan,"Pengembangan Perangkat Lunak (Pemrograman, Rekayasa Perangkat Lunak, Pengembangan Web & Aplikasi Mobile)","Slide presentasi (PowerPoint) dari dosen, Media interaktif (simulasi, animasi, aplikasi edukasi), Forum diskusi online atau grup belajar (WhatsApp, Telegram, LMS, dll.)",Active,Sensing,Verbal,Global,30 menit - 1 jam,Tantangan akademis,.,Lainnya,Pangkep,0,6,13,4,4,2,3.84,3.50–4.00,0,1,0,1,0,1,0
2026-02-03 11:59:24.017,Teknik Informatika,Perempuan,19,makassar,kota palu,sulteng,man 2 kotak palu,IPA,3.5,Menengah,D4 / S1,S2,Karyawan Swasta,Pegawai Negeri Sipil (PNS),Rp 2.000.000 - Rp 5.000.000 per bulan,Rp 2.000.000 - Rp 5.000.000 per bulan,"Data dan Kecerdasan Buatan (Basis Data, Kecerdasan Buatan, Machine Learning, Data Mining)","Forum diskusi online atau grup belajar (WhatsApp, Telegram, LMS, dll.)",Active,Intuitive,Verbal,Global,30 menit - 1 jam,Pengakuan dari teman/sejawat,-,IPA,Lainnya,1,2,5,2,2,2,3.5,3.50–4.00,0,0,0,0,0,1,0
2026-02-03 10:50:55.756,Teknik Informatika,Laki - Laki,19,bugis,makassar,sulsel,sman 1 bulukumba,IPA,3.69,Menengah,SMA,S2,Pegawai Negeri Sipil (PNS),Pegawai Negeri Sipil (PNS),Lebih dari Rp. 8.000.000 per bulan,Rp 5.000.000 - Rp 8.000.000 per bulan,"Pengembangan Perangkat Lunak (Pemrograman, Rekayasa Perangkat Lunak, Pengembangan Web & Aplikasi Mobile)","Video pembelajaran (YouTube, e-learning, dll.)",Active,Intuitive,Visual,Sequential,1 - 2 jam,Peningkatan keterampilan,nd ada,IPA,Makassar,0,2,8,4,3,3,3.69,3.50–4.00,0,0,1,0,0,0,0
2026-02-03 10:42:50.479,Sistem Informasi,Perempuan,19,Bugis,Papua,Papua Tengah,SMA N1MIMIKA,IPA,3.7,Menengah,SMA,SMA,Pedagang / Wiraswasta,Pedagang / Wiraswasta,Rp 2.000.000 - Rp 5.000.000 per bulan,Kurang dari Rp 2.000.000 per bulan,"Data dan Kecerdasan Buatan (Basis Data, Kecerdasan Buatan, Machine Learning, Data Mining)","Buku teks atau modul cetak, Video pembelajaran (YouTube, e-learning, dll.), Forum diskusi online atau grup belajar (WhatsApp, Telegram, LMS, dll.), Website atau platform pembelajaran daring (Coursera, Udemy, Dicoding, dll.)",Active,Intuitive,Verbal,Sequential,30 menit - 1 jam,Penghargaan atau sertifikat,.,IPA,Lainnya,1,2,5,2,1,2,3.7,3.50–4.00,1,0,1,0,1,1,0
2026-02-03 10:29:23.292,Teknik Informatika,Laki - Laki,23,Makassar,Makassar,Sulawesi Selatan,SMK TELKOM MAKASSAR,TKJ,"3,8",Menengah,SMA,SMA,Karyawan Swasta,Karyawan Swasta,Rp 2.000.000 - Rp 5.000.000 per bulan,Rp 2.000.000 - Rp 5.000.000 per bulan,"Sistem dan Jaringan Komputer (Jaringan Komputer, Sistem Operasi, Cloud Computing, Keamanan Siber)","Video pembelajaran (YouTube, e-learning, dll.), Belajar langsung di lapangan",Reflective,Sensing,Visual,Sequential,30 menit - 1 jam,Peningkatan keterampilan,.,TKJ,Makassar,0,9,8,2,2,2,3.8,3.50–4.00,0,0,1,0,0,0,0
2026-02-03 10:13:23.786,Sistem Informasi,Perempuan,21,Bugis,Wajo,Sulawesi Selatan,SMKN 1 WAJO,TKJ,3.93,Menengah,D4 / S1,D4 / S1,Tenaga Pendidik (Dosen/Guru),Pegawai Negeri Sipil (PNS),Rp 2.000.000 - Rp 5.000.000 per bulan,Rp 2.000.000 - Rp 5.000.000 per bulan,"Data dan Kecerdasan Buatan (Basis Data, Kecerdasan Buatan, Machine Learning, Data Mining)","Media interaktif (simulasi, animasi, aplikasi edukasi), Coding platform atau IDE (misalnya: repl.it, Jupyter, VS Code)",Active,Sensing,Verbal,Sequential,1 - 2 jam,Peningkatan keterampilan,-,TKJ,Wajo,1,9,17,2,2,3,3.93,3.50–4.00,0,0,0,1,0,0,1
2026-02-03 10:07:46.883,Sistem Informasi,Perempuan,22,Tidore ,Tidore Kepulauan ,Maluku Utara ,SMA Negeri 1 TIKEP,IPA,3.75,Menengah,SMA,D4 / S1,Pedagang / Wiraswasta,Tenaga Pendidik (Dosen/Guru),Rp 2.000.000 - Rp 5.000.000 per bulan,Rp 2.000.000 - Rp 5.000.000 per bulan,"Komputasi Visual dan Interaksi (Pengolahan Citra Digital, Computer Vision, Interaksi Manusia dan Komputer, Multimedia)","Buku teks atau modul cetak, Video pembelajaran (YouTube, e-learning, dll.), Media interaktif (simulasi, animasi, aplikasi edukasi)",Active,Sensing,Visual,Sequential,30 menit - 1 jam,Peningkatan keterampilan,-,IPA,Lainnya,1,2,5,2,2,2,3.75,3.50–4.00,1,0,1,1,0,0,0
2026-02-03 10:04:52.873,Sistem Informasi,Perempuan,21,Bugis,Kota Makassar,Sulawesi Selatan,Man 1 Makassar,IPA,3.99,Menengah,SMA,SMA,Karyawan Swasta,Tidak bekerja / Pensiunan,Rp 5.000.000 - Rp 8.000.000 per bulan,Kurang dari Rp 2.000.000 per bulan,"Data dan Kecerdasan Buatan (Basis Data, Kecerdasan Buatan, Machine Learning, Data Mining)","Buku teks atau modul cetak, Media interaktif (simulasi, animasi, aplikasi edukasi), Forum diskusi online atau grup belajar (WhatsApp, Telegram, LMS, dll.), Website atau platform pembelajaran daring (Coursera, Udemy, Dicoding, dll.), Coding platform atau IDE (misalnya: repl.it, Jupyter, VS Code)",Reflective,Sensing,Visual,Sequential,30 menit - 1 jam,Peningkatan keterampilan,-,IPA,Makassar,1,2,8,3,1,2,3.99,3.50–4.00,1,0,0,1,1,1,1
2026-02-03 09:44:21.858,Teknik Informatika,Perempuan,22,Bugis,Nabire,Papua Tengah,SMK Negeri 1 Nabire,Multimedia,3.85,Menengah,SMA,SD,Tidak bekerja / Pensiunan,Tidak bekerja / Pensiunan,Rp 5.000.000 - Rp 8.000.000 per bulan,Kurang dari Rp 2.000.000 per bulan,"Pengembangan Perangkat Lunak (Pemrograman, Rekayasa Perangkat Lunak, Pengembangan Web & Aplikasi Mobile)","Website atau platform pembelajaran daring (Coursera, Udemy, Dicoding, dll.)",Active,Sensing,Verbal,Global,Kurang dari 30 menit,Penghargaan atau sertifikat,.,Multimedia,Lainnya,1,7,5,3,1,1,3.85,3.50–4.00,0,0,0,0,1,0,0
2026-02-03 09:41:07.929,Teknik Informatika,Perempuan,21 tahun,-,Enrekang,Sulawesi Selatan,SMAN 2 Enrekang,IPA,-,Rendah,SD,SMP,Buruh / Petani / Nelayan,Buruh / Petani / Nelayan,Kurang dari Rp 2.000.000 per bulan,Kurang dari Rp 2.000.000 per bulan,,"Media interaktif (simulasi, animasi, aplikasi edukasi), Website atau platform pembelajaran daring (Coursera, Udemy, Dicoding, dll.)",Reflective,Sensing,Visual,Sequential,30 menit - 1 jam,Peningkatan keterampilan,-,IPA,Enrekang,1,2,1,1,1,2,3.71,3.50–4.00,0,0,0,1,1,0,0
2026-02-03 05:40:47.142,Teknik Informatika,Perempuan,20 tahun,jawa,jombang,jawa timur,SMA Negeri 9 Makassar,"kurikulum merdeka, memilih mapel sendiri","3,5",Menengah,D4 / S1,SMA,Pedagang / Wiraswasta,Pedagang / Wiraswasta,Lebih dari Rp. 8.000.000 per bulan,Rp 2.000.000 - Rp 5.000.000 per bulan,"Sistem dan Jaringan Komputer (Jaringan Komputer, Sistem Operasi, Cloud Computing, Keamanan Siber)","Video pembelajaran (YouTube, e-learning, dll.), Media interaktif (simulasi, animasi, aplikasi edukasi), Website atau platform pembelajaran daring (Coursera, Udemy, Dicoding, dll.)",Active,Sensing,Visual,Sequential,1 - 2 jam,Tantangan akademis,-,Kurikulum Merdeka,Lainnya,1,5,5,4,2,3,3.5,3.50–4.00,0,0,1,1,1,0,0
2026-02-02 19:14:04.812,Teknik Informatika,Laki - Laki,20,Bugis,Sidendreng rappang,Sulawesi selatan,Ma biromaru ,IPA,"3,51",Menengah,SD,SMA,Pedagang / Wiraswasta,Tidak bekerja / Pensiunan,Rp 2.000.000 - Rp 5.000.000 per bulan,Kurang dari Rp 2.000.000 per bulan,"Sistem dan Jaringan Komputer (Jaringan Komputer, Sistem Operasi, Cloud Computing, Keamanan Siber)","Video pembelajaran (YouTube, e-learning, dll.)",Active,Intuitive,Verbal,Sequential,30 menit - 1 jam,Peningkatan keterampilan,Tidak ada,IPA,Lainnya,0,2,5,2,1,2,3.51,3.50–4.00,0,0,1,0,0,0,0
2026-02-02 18:47:43.506,Teknik Informatika,Laki - Laki,20,Banggai,Banggai laut,Sulawesi Tengah ,SMA N 1 Banggai,IPA,3.68,Menengah,SMA,D4 / S1,Karyawan Swasta,Pegawai Negeri Sipil (PNS),Rp 2.000.000 - Rp 5.000.000 per bulan,Rp 5.000.000 - Rp 8.000.000 per bulan,"Data dan Kecerdasan Buatan (Basis Data, Kecerdasan Buatan, Machine Learning, Data Mining)","Buku teks atau modul cetak, Video pembelajaran (YouTube, e-learning, dll.)",Reflective,Intuitive,Verbal,Sequential,1 - 2 jam,Other..,Uang,IPA,Lainnya,0,2,5,2,3,3,3.68,3.50–4.00,1,0,1,0,0,0,0
2026-02-02 18:35:47.035,Teknik Informatika,Laki - Laki,22,Bugis,Makassar,Sulawesi Selatan,SMAN. 4 Makassar,IPA,3.93,Menengah,SMA,SMA,Pedagang / Wiraswasta,Tidak bekerja / Pensiunan,Rp 2.000.000 - Rp 5.000.000 per bulan,Kurang dari Rp 2.000.000 per bulan,"Data dan Kecerdasan Buatan (Basis Data, Kecerdasan Buatan, Machine Learning, Data Mining)","Video pembelajaran (YouTube, e-learning, dll.), Media interaktif (simulasi, animasi, aplikasi edukasi)",Reflective,Intuitive,Verbal,Global,30 menit - 1 jam,Other..,Ketika belajar dan mendapatkan hasil pemahaman terkait materi yang di pelajari itu sangat nikmat. Jadi saya belajar untuk memperoleh hal tersebut.,IPA,Makassar,0,2,8,2,1,2,3.93,3.50–4.00,0,0,1,1,0,0,0
2026-02-02 18:19:22.155,Teknik Informatika,Perempuan,20,Bugis ,Bombana ,Sulawesi Tenggara ,SMA NEGERI 05 BOMBANA ,IPA,3.93,Menengah,SMA,SMA,Pegawai Negeri Sipil (PNS),Tidak bekerja / Pensiunan,Rp 2.000.000 - Rp 5.000.000 per bulan,Kurang dari Rp 2.000.000 per bulan,"Data dan Kecerdasan Buatan (Basis Data, Kecerdasan Buatan, Machine Learning, Data Mining)","Slide presentasi (PowerPoint) dari dosen, Video pembelajaran (YouTube, e-learning, dll.)",Reflective,Sensing,Verbal,Sequential,30 menit - 1 jam,Other..,Karena sy suka jika ada yang meminta untuk di ajar oleh saya. Saya juga ingin liat nilai saya tinggi ada kepuasan tersendiri di situ. Selain itu saya juga ingin jaga nama baik om dengan tanteku.,IPA,Lainnya,1,2,5,2,1,2,3.93,3.50–4.00,0,1,1,0,0,0,0
2026-02-02 18:04:32.506,Teknik Informatika,Perempuan,18,Bugis,Kutai Kartanegara ,Kalimantan Timur ,MAS ASY SYIFA BALIKPAPAN,IPA,3.62,Menengah,SMA,D4 / S1,Karyawan Swasta,Tenaga Pendidik (Dosen/Guru),Rp 2.000.000 - Rp 5.000.000 per bulan,Rp 2.000.000 - Rp 5.000.000 per bulan,"Data dan Kecerdasan Buatan (Basis Data, Kecerdasan Buatan, Machine Learning, Data Mining)","Buku teks atau modul cetak, Video pembelajaran (YouTube, e-learning, dll.)",Reflective,Intuitive,Verbal,Sequential,1 - 2 jam,Other..,Suka belajar,IPA,Lainnya,1,2,5,2,2,3,3.62,3.50–4.00,1,0,1,0,0,0,0
2026-02-02 18:02:07.071,Teknik Informatika,Laki - Laki,21,Makassar,Makassar,Sulawesi selatan,Smk kartika xx-1 makassar,TKJ,"3,60",Tinggi,SD,SMA,Profesional (Dokter / Pengacara / dll.),Profesional (Dokter / Pengacara / dll.),Rp 5.000.000 - Rp 8.000.000 per bulan,Rp 2.000.000 - Rp 5.000.000 per bulan,"Teknologi dan Inovasi Digital (Robotika, Internet of Things, Blockchain, Teknologi Baru lainnya)",Buku teks atau modul cetak,Active,Sensing,Visual,Sequential,30 menit - 1 jam,Other..,Just be better then yesterday,TKJ,Makassar,0,9,8,3,2,2,3.6,3.50–4.00,1,0,0,0,0,0,0
2026-02-02 17:41:31.211,Teknik Informatika,Perempuan,21,Bugis,Maros ,Sulawesi Selatan,SMAN 4 MAROS ,IPA,"3,80",Menengah,SMA,SMA,Pegawai Negeri Sipil (PNS),Pedagang / Wiraswasta,Rp 2.000.000 - Rp 5.000.000 per bulan,Rp 2.000.000 - Rp 5.000.000 per bulan,"Pengembangan Perangkat Lunak (Pemrograman, Rekayasa Perangkat Lunak, Pengembangan Web & Aplikasi Mobile)","Forum diskusi online atau grup belajar (WhatsApp, Telegram, LMS, dll.), Website atau platform pembelajaran daring (Coursera, Udemy, Dicoding, dll.)",Active,Sensing,Verbal,Sequential,30 menit - 1 jam,Peningkatan keterampilan,-,IPA,Maros,1,2,11,2,2,2,3.8,3.50–4.00,0,0,0,0,1,1,0
2026-02-02 17:33:04.458,Teknik Informatika,Perempuan,21,Makassar,Takalar,Sulsel,Albayan islamic boarding school,IPS,"3,86",Menengah,SMA,SMA,Karyawan Swasta,Tidak bekerja / Pensiunan,Rp 2.000.000 - Rp 5.000.000 per bulan,Kurang dari Rp 2.000.000 per bulan,"Data dan Kecerdasan Buatan (Basis Data, Kecerdasan Buatan, Machine Learning, Data Mining)","Buku teks atau modul cetak, Slide presentasi (PowerPoint) dari dosen, Video pembelajaran (YouTube, e-learning, dll.), Media interaktif (simulasi, animasi, aplikasi edukasi), Forum diskusi online atau grup belajar (WhatsApp, Telegram, LMS, dll.), Website atau platform pembelajaran daring (Coursera, Udemy, Dicoding, dll.), Coding platform atau IDE (misalnya: repl.it, Jupyter, VS Code)",Reflective,Sensing,Visual,Sequential,1 - 2 jam,Tantangan akademis,-,IPS,Takalar,1,3,16,2,1,3,3.86,3.50–4.00,1,1,1,1,1,1,1
2026-02-02 17:25:04.857,Teknik Informatika,Laki - Laki,21,Bugis,Pangkep,Sulsel,SMK IK Ampana Kota,TKJ,3.8,Rendah,SMA,SMA,Karyawan Swasta,Tidak bekerja / Pensiunan,Kurang dari Rp 2.000.000 per bulan,Kurang dari Rp 2.000.000 per bulan,"Komputasi Visual dan Interaksi (Pengolahan Citra Digital, Computer Vision, Interaksi Manusia dan Komputer, Multimedia)","Video pembelajaran (YouTube, e-learning, dll.), Forum diskusi online atau grup belajar (WhatsApp, Telegram, LMS, dll.), Website atau platform pembelajaran daring (Coursera, Udemy, Dicoding, dll.)",Reflective,Sensing,Visual,Sequential,30 menit - 1 jam,Other..,Untuk menjadi cerdas,TKJ,Pangkep,0,9,13,1,1,2,3.8,3.50–4.00,0,0,1,0,1,1,0
2026-02-02 17:21:41.912,Teknik Informatika,Perempuan,18,bugis,Pinrang ,Sulawesi Selatan ,pondok pesantren darul Hasanah ,tidak ada,3.72,Menengah,SMA,SD,Buruh / Petani / Nelayan,Tidak bekerja / Pensiunan,Rp 2.000.000 - Rp 5.000.000 per bulan,Kurang dari Rp 2.000.000 per bulan,"Data dan Kecerdasan Buatan (Basis Data, Kecerdasan Buatan, Machine Learning, Data Mining)","Video pembelajaran (YouTube, e-learning, dll.), Media interaktif (simulasi, animasi, aplikasi edukasi)",Active,Sensing,Verbal,Sequential,1 - 2 jam,Peningkatan keterampilan,-,Lainnya,Pinrang,1,6,14,2,1,3,3.72,3.50–4.00,0,0,1,1,0,0,0
2026-02-02 17:20:52.560,Teknik Informatika,Perempuan,20,Buton,Maluku tengah,Maluku,MA AL-MABRUR WAHAI ,IPA,3.5,Menengah,SMA,D4 / S1,Buruh / Petani / Nelayan,Pedagang / Wiraswasta,Rp 2.000.000 - Rp 5.000.000 per bulan,Rp 2.000.000 - Rp 5.000.000 per bulan,"Data dan Kecerdasan Buatan (Basis Data, Kecerdasan Buatan, Machine Learning, Data Mining)","Buku teks atau modul cetak, Video pembelajaran (YouTube, e-learning, dll.), Website atau platform pembelajaran daring (Coursera, Udemy, Dicoding, dll.)",Reflective,Sensing,Verbal,Sequential,Lebih dari 2 jam,Peningkatan keterampilan,.,IPA,Maluku Tengah,1,2,9,2,2,4,3.5,3.50–4.00,1,0,1,0,1,0,0
2026-02-02 17:19:25.953,Teknik Informatika,Laki - Laki,20,Bugis,Pinrang ,SULAWESI SELATAN,SMA NEGERI 1 PINRANG ,IPS,.,Menengah,D4 / S1,D4 / S1,Pegawai Negeri Sipil (PNS),Pegawai Negeri Sipil (PNS),Rp 2.000.000 - Rp 5.000.000 per bulan,Rp 2.000.000 - Rp 5.000.000 per bulan,"Teknologi dan Inovasi Digital (Robotika, Internet of Things, Blockchain, Teknologi Baru lainnya)","Buku teks atau modul cetak, Video pembelajaran (YouTube, e-learning, dll.), Website atau platform pembelajaran daring (Coursera, Udemy, Dicoding, dll.)",Active,Sensing,Visual,Sequential,1 - 2 jam,Peningkatan keterampilan,Gak ad,IPS,Pinrang,0,3,14,2,2,3,3.71,3.50–4.00,1,0,1,0,1,0,0
2026-02-02 17:18:48.377,Teknik Informatika,Laki - Laki,19,Kei,Ambon ,Maluku utara,Madrasah Aliyah negeri 2,IPA,3.76,Menengah,S2,S3,Pegawai Negeri Sipil (PNS),Tenaga Pendidik (Dosen/Guru),Rp 2.000.000 - Rp 5.000.000 per bulan,Rp 2.000.000 - Rp 5.000.000 per bulan,"Pengembangan Perangkat Lunak (Pemrograman, Rekayasa Perangkat Lunak, Pengembangan Web & Aplikasi Mobile)","Slide presentasi (PowerPoint) dari dosen, Video pembelajaran (YouTube, e-learning, dll.), Website atau platform pembelajaran daring (Coursera, Udemy, Dicoding, dll.)",Reflective,Sensing,Verbal,Sequential,30 menit - 1 jam,Peningkatan keterampilan,Tidak ada,IPA,Lainnya,0,2,5,2,2,2,3.76,3.50–4.00,0,1,1,0,1,0,0
2026-02-02 17:18:02.678,Teknik Informatika,Perempuan,19,Bugis,Kepulauan aru,Maluku,SMA N 3 KEPULAUAN ARU,IPA,3.62,Menengah,SMA,SMA,Pedagang / Wiraswasta,Pedagang / Wiraswasta,Rp 2.000.000 - Rp 5.000.000 per bulan,Rp 2.000.000 - Rp 5.000.000 per bulan,"Sistem dan Jaringan Komputer (Jaringan Komputer, Sistem Operasi, Cloud Computing, Keamanan Siber)","Buku teks atau modul cetak, Slide presentasi (PowerPoint) dari dosen, Video pembelajaran (YouTube, e-learning, dll.), Media interaktif (simulasi, animasi, aplikasi edukasi), Forum diskusi online atau grup belajar (WhatsApp, Telegram, LMS, dll.), Website atau platform pembelajaran daring (Coursera, Udemy, Dicoding, dll.), Coding platform atau IDE (misalnya: repl.it, Jupyter, VS Code)",Active,Sensing,Visual,Sequential,30 menit - 1 jam,Peningkatan keterampilan,.,IPA,Lainnya,1,2,5,2,2,2,3.62,3.50–4.00,1,1,1,1,1,1,1
2026-02-02 17:16:54.307,Teknik Informatika,Laki - Laki,20,Bugis,Sidrap,Sulawesi selatan,SMA IT VILLLAH THAFIZ HIMMATUL QURAN MALINO,.,"3,5",Menengah,SMP,SMP,Pedagang / Wiraswasta,Pedagang / Wiraswasta,Rp 2.000.000 - Rp 5.000.000 per bulan,Rp 2.000.000 - Rp 5.000.000 per bulan,"Pengembangan Perangkat Lunak (Pemrograman, Rekayasa Perangkat Lunak, Pengembangan Web & Aplikasi Mobile)","Video pembelajaran (YouTube, e-learning, dll.)",Active,Sensing,Visual,Sequential,Lebih dari 2 jam,Peningkatan keterampilan,.,Lainnya,Lainnya,0,6,5,2,2,4,3.5,3.50–4.00,0,0,1,0,0,0,0
2026-02-02 17:14:31.125,Teknik Informatika,Perempuan,19,Bugis,Unaaha,Sultra,SMAN 1 UNAAHA,IPA,"3,8",Menengah,D4 / S1,SMA,TNI / Polri,Pedagang / Wiraswasta,Rp 2.000.000 - Rp 5.000.000 per bulan,Rp 2.000.000 - Rp 5.000.000 per bulan,"Sistem dan Jaringan Komputer (Jaringan Komputer, Sistem Operasi, Cloud Computing, Keamanan Siber)","Forum diskusi online atau grup belajar (WhatsApp, Telegram, LMS, dll.)",Active,Sensing,Verbal,Global,30 menit - 1 jam,Peningkatan keterampilan,tidak ada,IPA,Lainnya,1,2,5,2,2,2,3.8,3.50–4.00,0,0,0,0,0,1,0
2026-02-02 17:14:04.190,Sistem Informasi,Perempuan,19,bugis,pangkep,sulawesi selatan,ma ddi kanang,IPA,3.79,Menengah,S2,D4 / S1,Pegawai Negeri Sipil (PNS),Pegawai Negeri Sipil (PNS),Rp 5.000.000 - Rp 8.000.000 per bulan,Rp 2.000.000 - Rp 5.000.000 per bulan,"Pengembangan Perangkat Lunak (Pemrograman, Rekayasa Perangkat Lunak, Pengembangan Web & Aplikasi Mobile)","Video pembelajaran (YouTube, e-learning, dll.), Media interaktif (simulasi, animasi, aplikasi edukasi), Website atau platform pembelajaran daring (Coursera, Udemy, Dicoding, dll.), Coding platform atau IDE (misalnya: repl.it, Jupyter, VS Code)",Active,Intuitive,Visual,Sequential,30 menit - 1 jam,Peningkatan keterampilan,tidak ada,IPA,Pangkep,1,2,13,3,2,2,3.79,3.50–4.00,0,0,1,1,1,0,1
2026-02-02 16:38:48.718,Teknik Informatika,Laki - Laki,21,Bugis,Poso,Sulawesi Tengah,SMAQUR WAHDAH,Tahfidz,"3,7",Menengah,SMA,SMA,Pedagang / Wiraswasta,Pedagang / Wiraswasta,Rp 2.000.000 - Rp 5.000.000 per bulan,Rp 2.000.000 - Rp 5.000.000 per bulan,"Pengembangan Perangkat Lunak (Pemrograman, Rekayasa Perangkat Lunak, Pengembangan Web & Aplikasi Mobile)","Slide presentasi (PowerPoint) dari dosen, Video pembelajaran (YouTube, e-learning, dll.)",Reflective,Sensing,Visual,Sequential,1 - 2 jam,Tantangan akademis,tidak ada,Keagamaan,Lainnya,0,4,5,2,2,3,3.7,3.50–4.00,0,1,1,0,0,0,0
2026-02-02 14:39:41.542,Teknik Informatika,Laki - Laki,22,Bugis,Ternate,Maluku Utara,SMA 3 Makassar,IPA,3.79,Menengah,S2,SMA,Profesional (Dokter / Pengacara / dll.),Tidak bekerja / Pensiunan,Kurang dari Rp 2.000.000 per bulan,Kurang dari Rp 2.000.000 per bulan,"Pengembangan Perangkat Lunak (Pemrograman, Rekayasa Perangkat Lunak, Pengembangan Web & Aplikasi Mobile)","Video pembelajaran (YouTube, e-learning, dll.), Media interaktif (simulasi, animasi, aplikasi edukasi)",Reflective,Intuitive,Visual,Sequential,30 menit - 1 jam,Peningkatan keterampilan,-,IPA,Lainnya,0,2,5,1,1,2,3.79,3.50–4.00,0,0,1,1,0,0,0
2026-02-02 14:33:54.988,Teknik Informatika,Perempuan,22,Bugis,Wajo,Sulawesi Selatan,SMK Darussalam Makassar,TKJ,3.88,Menengah,SD,SMP,Pedagang / Wiraswasta,Pedagang / Wiraswasta,Rp 2.000.000 - Rp 5.000.000 per bulan,Rp 2.000.000 - Rp 5.000.000 per bulan,"Sistem dan Jaringan Komputer (Jaringan Komputer, Sistem Operasi, Cloud Computing, Keamanan Siber)","Buku teks atau modul cetak, Video pembelajaran (YouTube, e-learning, dll.), Media interaktif (simulasi, animasi, aplikasi edukasi), Website atau platform pembelajaran daring (Coursera, Udemy, Dicoding, dll.)",Reflective,Sensing,Visual,Sequential,30 menit - 1 jam,Peningkatan keterampilan,-,TKJ,Wajo,1,9,17,2,2,2,3.88,3.50–4.00,1,0,1,1,1,0,0
2026-02-02 14:22:59.886,Teknik Informatika,Perempuan,22,bugis,banggai,sulawesi tengah ,man,IPA,"3,5",Menengah,SMA,D4 / S1,Tidak bekerja / Pensiunan,Pegawai Negeri Sipil (PNS),Kurang dari Rp 2.000.000 per bulan,Rp 5.000.000 - Rp 8.000.000 per bulan,"Data dan Kecerdasan Buatan (Basis Data, Kecerdasan Buatan, Machine Learning, Data Mining)",Slide presentasi (PowerPoint) dari dosen,Active,Sensing,Verbal,Sequential,Kurang dari 30 menit,Peningkatan keterampilan,tidak ada,IPA,Lainnya,1,2,5,1,3,1,3.5,3.50–4.00,0,1,0,0,0,0,0
2026-02-02 13:43:39.181,Teknik Informatika,Perempuan,21,Bugis,Barru,Sulawesi Selatan,SMA Negeri 1 Barru,IPA,"3,88",Menengah,S2,D3,Pegawai Negeri Sipil (PNS),Pedagang / Wiraswasta,Rp 2.000.000 - Rp 5.000.000 per bulan,Rp 2.000.000 - Rp 5.000.000 per bulan,"Pengembangan Perangkat Lunak (Pemrograman, Rekayasa Perangkat Lunak, Pengembangan Web & Aplikasi Mobile)","Slide presentasi (PowerPoint) dari dosen, Video pembelajaran (YouTube, e-learning, dll.), Media interaktif (simulasi, animasi, aplikasi edukasi), Website atau platform pembelajaran daring (Coursera, Udemy, Dicoding, dll.)",Reflective,Sensing,Visual,Sequential,30 menit - 1 jam,Peningkatan keterampilan,.,IPA,Lainnya,1,2,5,2,2,2,3.88,3.50–4.00,0,1,1,1,1,0,0
2026-02-02 13:38:26.210,Teknik Informatika,Laki - Laki,21,Bugis,Bulungan,Kalimantan Utara,Ponpes Al ikhlas Ujung Bone,IPA,"3,88",Menengah,SMA,SMA,Karyawan Swasta,Tidak bekerja / Pensiunan,Rp 2.000.000 - Rp 5.000.000 per bulan,Kurang dari Rp 2.000.000 per bulan,"Komputasi Visual dan Interaksi (Pengolahan Citra Digital, Computer Vision, Interaksi Manusia dan Komputer, Multimedia)","Media interaktif (simulasi, animasi, aplikasi edukasi)",Active,Intuitive,Visual,Sequential,Kurang dari 30 menit,Penghargaan atau sertifikat,.,IPA,Lainnya,0,2,5,2,1,1,3.88,3.50–4.00,0,0,0,1,0,0,0
2026-02-02 13:32:27.534,Teknik Informatika,Laki - Laki,21,Bugis,Pangkep,Sulawesi Selatan,Smk Darussalam,Rekayasa Perangkat Lunak,3.85,Menengah,D4 / S1,D4 / S1,Tidak bekerja / Pensiunan,Tidak bekerja / Pensiunan,Rp 2.000.000 - Rp 5.000.000 per bulan,Kurang dari Rp 2.000.000 per bulan,"Pengembangan Perangkat Lunak (Pemrograman, Rekayasa Perangkat Lunak, Pengembangan Web & Aplikasi Mobile)","Media interaktif (simulasi, animasi, aplikasi edukasi), Website atau platform pembelajaran daring (Coursera, Udemy, Dicoding, dll.), Coding platform atau IDE (misalnya: repl.it, Jupyter, VS Code)",Active,Sensing,Visual,Global,1 - 2 jam,Other..,Meningkatkan pendapatan,RPL,Pangkep,0,8,13,2,1,3,3.85,3.50–4.00,0,0,0,1,1,0,1
2026-02-02 13:23:35.706,Teknik Informatika,Perempuan,22,Bugis,Bone,Sulawesi Selatan,SMA Muhammadiyah Kota Jayapura ,IPA,3.8,Menengah,SMA,D4 / S1,Tidak bekerja / Pensiunan,Tidak bekerja / Pensiunan,Kurang dari Rp 2.000.000 per bulan,Rp 2.000.000 - Rp 5.000.000 per bulan,"Pengembangan Perangkat Lunak (Pemrograman, Rekayasa Perangkat Lunak, Pengembangan Web & Aplikasi Mobile)","Video pembelajaran (YouTube, e-learning, dll.), Website atau platform pembelajaran daring (Coursera, Udemy, Dicoding, dll.)",Reflective,Intuitive,Visual,Sequential,Kurang dari 30 menit,Tantangan akademis,-,IPA,Bone,1,2,0,1,2,1,3.8,3.50–4.00,0,0,1,0,1,0,0
2026-02-02 13:01:04.592,Teknik Informatika,Perempuan,21,Sula,Kepulauan Sula ,Maluku Utara ,SMA NEGERI 1 MANGOLE UTARA,IPA,-,Menengah,SMA,SMA,Pedagang / Wiraswasta,Tidak bekerja / Pensiunan,Kurang dari Rp 2.000.000 per bulan,Kurang dari Rp 2.000.000 per bulan,"Pengembangan Perangkat Lunak (Pemrograman, Rekayasa Perangkat Lunak, Pengembangan Web & Aplikasi Mobile)","Video pembelajaran (YouTube, e-learning, dll.), Media interaktif (simulasi, animasi, aplikasi edukasi), Forum diskusi online atau grup belajar (WhatsApp, Telegram, LMS, dll.), Website atau platform pembelajaran daring (Coursera, Udemy, Dicoding, dll.), Coding platform atau IDE (misalnya: repl.it, Jupyter, VS Code)",Active,Sensing,Visual,Sequential,30 menit - 1 jam,Peningkatan keterampilan,.,IPA,Lainnya,1,2,5,1,1,2,3.71,3.50–4.00,0,0,1,1,1,1,1
2026-02-01 22:53:35.967,Teknik Informatika,Laki - Laki,22,Muna,Muna,Sulawesi Tenggara,SMAS IBNU ABBAS,IPA,"3,9",Menengah,S2,D4 / S1,Pegawai Negeri Sipil (PNS),Tenaga Pendidik (Dosen/Guru),Rp 2.000.000 - Rp 5.000.000 per bulan,Rp 2.000.000 - Rp 5.000.000 per bulan,"Data dan Kecerdasan Buatan (Basis Data, Kecerdasan Buatan, Machine Learning, Data Mining)","Buku teks atau modul cetak, Slide presentasi (PowerPoint) dari dosen, Video pembelajaran (YouTube, e-learning, dll.), Media interaktif (simulasi, animasi, aplikasi edukasi), Forum diskusi online atau grup belajar (WhatsApp, Telegram, LMS, dll.), Website atau platform pembelajaran daring (Coursera, Udemy, Dicoding, dll.)",Active,Intuitive,Verbal,Global,Lebih dari 2 jam,Peningkatan keterampilan,-,IPA,Lainnya,0,2,5,2,2,4,3.9,3.50–4.00,1,1,1,1,1,1,0
2026-02-01 21:36:21.878,Teknik Informatika,Laki - Laki,22,Toraja,Rantepao,Sulawesi Selatan,SMK Negeri 2 Baubau,TKJ,"3,7",Menengah,SMA,SMA,Pedagang / Wiraswasta,Pedagang / Wiraswasta,Kurang dari Rp 2.000.000 per bulan,Kurang dari Rp 2.000.000 per bulan,"Teknologi dan Inovasi Digital (Robotika, Internet of Things, Blockchain, Teknologi Baru lainnya)","Buku teks atau modul cetak, Video pembelajaran (YouTube, e-learning, dll.), Media interaktif (simulasi, animasi, aplikasi edukasi), Forum diskusi online atau grup belajar (WhatsApp, Telegram, LMS, dll.), Website atau platform pembelajaran daring (Coursera, Udemy, Dicoding, dll.)",Active,Sensing,Verbal,Global,30 menit - 1 jam,Peningkatan keterampilan,-,TKJ,Lainnya,0,9,5,1,1,2,3.7,3.50–4.00,1,0,1,1,1,1,0
2026-02-01 21:35:26.744,Teknik Informatika,Perempuan,21,maluku,MALUKU TENGAH,maluku,ats tsabat,IPA,"3,4",Tinggi,S3,S3,Pegawai Negeri Sipil (PNS),Pegawai Negeri Sipil (PNS),Rp 5.000.000 - Rp 8.000.000 per bulan,Rp 5.000.000 - Rp 8.000.000 per bulan,"Sistem dan Jaringan Komputer (Jaringan Komputer, Sistem Operasi, Cloud Computing, Keamanan Siber)","Slide presentasi (PowerPoint) dari dosen, Forum diskusi online atau grup belajar (WhatsApp, Telegram, LMS, dll.)",Reflective,Sensing,Visual,Sequential,30 menit - 1 jam,Tantangan akademis,tidak ada,IPA,Maluku Tengah,1,2,9,3,3,2,3.4,3.00–3.50,0,1,0,0,0,1,0
2026-02-01 20:45:16.659,Teknik Informatika,Laki - Laki,21,Bugis,bone - sidrap ,Sulawesi Selatan ,SMA ,IPA,3.7,Menengah,D4 / S1,SMA,Tidak bekerja / Pensiunan,Tidak bekerja / Pensiunan,Rp 2.000.000 - Rp 5.000.000 per bulan,Kurang dari Rp 2.000.000 per bulan,"Pengembangan Perangkat Lunak (Pemrograman, Rekayasa Perangkat Lunak, Pengembangan Web & Aplikasi Mobile)","Buku teks atau modul cetak, Video pembelajaran (YouTube, e-learning, dll.), Media interaktif (simulasi, animasi, aplikasi edukasi), Forum diskusi online atau grup belajar (WhatsApp, Telegram, LMS, dll.), Website atau platform pembelajaran daring (Coursera, Udemy, Dicoding, dll.), Coding platform atau IDE (misalnya: repl.it, Jupyter, VS Code)",Active,Sensing,Visual,Sequential,Lebih dari 2 jam,Tantangan akademis,-,IPA,Lainnya,0,2,5,2,1,4,3.7,3.50–4.00,1,0,1,1,1,1,1
2026-02-01 20:21:43.191,Teknik Informatika,Perempuan,21,Bugis,Kota Jayapura,Papua,SMA Negeri 4 Jayapura,IPA,"3,78",Menengah,D4 / S1,D4 / S1,Tidak bekerja / Pensiunan,Tidak bekerja / Pensiunan,Rp 2.000.000 - Rp 5.000.000 per bulan,Rp 2.000.000 - Rp 5.000.000 per bulan,"Data dan Kecerdasan Buatan (Basis Data, Kecerdasan Buatan, Machine Learning, Data Mining)","Video pembelajaran (YouTube, e-learning, dll.), Media interaktif (simulasi, animasi, aplikasi edukasi)",Active,Sensing,Visual,Sequential,30 menit - 1 jam,Peningkatan keterampilan,-,IPA,Lainnya,1,2,5,2,2,2,3.78,3.50–4.00,0,0,1,1,0,0,0
2026-02-01 20:08:01.188,Teknik Informatika,Laki - Laki,22,Bugis,Kota makassar,Sulawesi selatan,SMA AL-ISHLAH,IPA,"3,4",Menengah,D4 / S1,D4 / S1,Pedagang / Wiraswasta,Tidak bekerja / Pensiunan,Kurang dari Rp 2.000.000 per bulan,Kurang dari Rp 2.000.000 per bulan,"Pengembangan Perangkat Lunak (Pemrograman, Rekayasa Perangkat Lunak, Pengembangan Web & Aplikasi Mobile)",Buku teks atau modul cetak,Active,Sensing,Visual,Sequential,Kurang dari 30 menit,Penghargaan atau sertifikat,Tidak ada,IPA,Makassar,0,2,8,1,1,1,3.4,3.00–3.50,1,0,0,0,0,0,0
2026-02-01 19:40:18.178,Teknik Informatika,Perempuan,21,Bungku,Morowali ,Sulawesi Tengah,SMA Al-Khaira’at Kolono,IPA,"3,60",Menengah,SMA,D3,Pedagang / Wiraswasta,Pegawai Negeri Sipil (PNS),Kurang dari Rp 2.000.000 per bulan,Kurang dari Rp 2.000.000 per bulan,"Teknologi dan Inovasi Digital (Robotika, Internet of Things, Blockchain, Teknologi Baru lainnya)",Slide presentasi (PowerPoint) dari dosen,Active,Sensing,Verbal,Sequential,30 menit - 1 jam,Peningkatan keterampilan,Peningkatan Keterampilan ,IPA,Morowali,1,2,12,1,1,2,3.6,3.50–4.00,0,1,0,0,0,0,0
2026-02-01 19:30:57.643,Teknik Informatika,Perempuan,20,galela,halmahera utara ,maluku utara ,Man 1 halut,IPA,3.6,Menengah,D4 / S1,SMA,Pegawai Negeri Sipil (PNS),Tidak bekerja / Pensiunan,Rp 2.000.000 - Rp 5.000.000 per bulan,Kurang dari Rp 2.000.000 per bulan,"Pengembangan Perangkat Lunak (Pemrograman, Rekayasa Perangkat Lunak, Pengembangan Web & Aplikasi Mobile)","Website atau platform pembelajaran daring (Coursera, Udemy, Dicoding, dll.)",Active,Sensing,Visual,Sequential,30 menit - 1 jam,Pengakuan dari teman/sejawat,tidak ada,IPA,Lainnya,1,2,5,2,1,2,3.6,3.50–4.00,0,0,0,0,1,0,0
2026-02-01 18:51:42.898,Teknik Informatika,Perempuan,22,Bugis,Pangkajene,Sulawesi Selatan,SMAN 1 PANGKEP,IPA,3.54,Menengah,SMA,SMA,Karyawan Swasta,Tidak bekerja / Pensiunan,Rp 2.000.000 - Rp 5.000.000 per bulan,Kurang dari Rp 2.000.000 per bulan,"Pengembangan Perangkat Lunak (Pemrograman, Rekayasa Perangkat Lunak, Pengembangan Web & Aplikasi Mobile)","Website atau platform pembelajaran daring (Coursera, Udemy, Dicoding, dll.)",Reflective,Sensing,Visual,Sequential,1 - 2 jam,Peningkatan keterampilan,Tidak ada,IPA,Lainnya,1,2,5,2,1,3,3.54,3.50–4.00,0,0,0,0,1,0,0
2026-02-01 17:16:57.370,Teknik Informatika,Perempuan,22,Bugis,Kutai Barat,Kalimantan Timur,SMAN 2 Sendawar,IPA,"3,8",Menengah,SMA,SMA,Pedagang / Wiraswasta,Tidak bekerja / Pensiunan,Lebih dari Rp. 8.000.000 per bulan,Kurang dari Rp 2.000.000 per bulan,"Pengembangan Perangkat Lunak (Pemrograman, Rekayasa Perangkat Lunak, Pengembangan Web & Aplikasi Mobile)","Media interaktif (simulasi, animasi, aplikasi edukasi)",Reflective,Sensing,Visual,Sequential,Lebih dari 2 jam,Peningkatan keterampilan,-,IPA,Lainnya,1,2,5,4,1,4,3.8,3.50–4.00,0,0,0,1,0,0,0
2026-02-01 17:01:19.530,Teknik Informatika,Laki - Laki,21,Buton,Kota Baubau,Sulawesi Tenggara,SMAS Angkasa Maros,IPA,3.9,Menengah,D4 / S1,D4 / S1,Karyawan Swasta,Pegawai Negeri Sipil (PNS),Lebih dari Rp. 8.000.000 per bulan,Rp 2.000.000 - Rp 5.000.000 per bulan,"Pengembangan Perangkat Lunak (Pemrograman, Rekayasa Perangkat Lunak, Pengembangan Web & Aplikasi Mobile)","Slide presentasi (PowerPoint) dari dosen, Media interaktif (simulasi, animasi, aplikasi edukasi)",Reflective,Sensing,Visual,Sequential,30 menit - 1 jam,Peningkatan keterampilan,-,IPA,Lainnya,0,2,5,4,2,2,3.9,3.50–4.00,0,1,0,1,0,0,0
2026-02-01 15:37:48.346,Teknik Informatika,Laki - Laki,23,Tolaki,Kota Kendari,Sulawesi Tenggara,SMA NEGERI 1 KENDARI,IPA,3.51,Menengah,S2,S2,Tidak bekerja / Pensiunan,Pegawai Negeri Sipil (PNS),Kurang dari Rp 2.000.000 per bulan,Rp 2.000.000 - Rp 5.000.000 per bulan,"Pengembangan Perangkat Lunak (Pemrograman, Rekayasa Perangkat Lunak, Pengembangan Web & Aplikasi Mobile)","Video pembelajaran (YouTube, e-learning, dll.), Media interaktif (simulasi, animasi, aplikasi edukasi), Website atau platform pembelajaran daring (Coursera, Udemy, Dicoding, dll.)",Active,Intuitive,Visual,Sequential,30 menit - 1 jam,Penghargaan atau sertifikat,-,IPA,Kendari,0,2,3,1,2,2,3.51,3.50–4.00,0,0,1,1,1,0,0
2026-02-01 15:25:43.606,Teknik Informatika,Laki - Laki,21,Bugis,Sidrap,Sulawesi Selatan,SMA N 1 SIDRAP,IPA,3.88,Menengah,D4 / S1,D4 / S1,Pedagang / Wiraswasta,Pegawai Negeri Sipil (PNS),Rp 2.000.000 - Rp 5.000.000 per bulan,Rp 5.000.000 - Rp 8.000.000 per bulan,"Teknologi dan Inovasi Digital (Robotika, Internet of Things, Blockchain, Teknologi Baru lainnya)","Video pembelajaran (YouTube, e-learning, dll.), Media interaktif (simulasi, animasi, aplikasi edukasi), Forum diskusi online atau grup belajar (WhatsApp, Telegram, LMS, dll.)",Active,Sensing,Visual,Sequential,1 - 2 jam,Peningkatan keterampilan,-,IPA,Lainnya,0,2,5,2,3,3,3.88,3.50–4.00,0,0,1,1,0,1,0
2026-02-01 15:19:37.191,Teknik Informatika,Perempuan,21,Bugis,Tolitoli,Sulawesi Tengah,SMA NEGERI 1 TOLITOLI,IPA,3.7,Menengah,SMA,SMA,Pedagang / Wiraswasta,Tidak bekerja / Pensiunan,Rp 2.000.000 - Rp 5.000.000 per bulan,Kurang dari Rp 2.000.000 per bulan,"Sistem dan Jaringan Komputer (Jaringan Komputer, Sistem Operasi, Cloud Computing, Keamanan Siber)","Video pembelajaran (YouTube, e-learning, dll.), Website atau platform pembelajaran daring (Coursera, Udemy, Dicoding, dll.)",Reflective,Sensing,Visual,Global,Lebih dari 2 jam,Peningkatan keterampilan,tidak,IPA,Lainnya,1,2,5,2,1,4,3.7,3.50–4.00,0,0,1,0,1,0,0
2026-02-01 12:21:36.156,Lainnya:,Perempuan,21,Makassar,Kota Makassar,Sulawesi Selatan,SMAIT AR RAHMAH,IPA,"3,78",Menengah,D4 / S1,D4 / S1,Karyawan Swasta,Pegawai Negeri Sipil (PNS),Lebih dari Rp. 8.000.000 per bulan,Lebih dari Rp. 8.000.000 per bulan,"Teknologi dan Inovasi Digital (Robotika, Internet of Things, Blockchain, Teknologi Baru lainnya)","Media interaktif (simulasi, animasi, aplikasi edukasi)",Active,Sensing,Visual,Sequential,1 - 2 jam,Tantangan akademis,tidak ada,IPA,Makassar,1,2,8,4,4,3,3.78,3.50–4.00,0,0,0,1,0,0,0
2026-02-01 12:20:36.085,Lainnya:,Perempuan,21,Bugis,Kota Makassar,Sulawesi Selatan,SMA IT AR RAHMAH,IPA,"3,8",Menengah,D4 / S1,SMA,Karyawan Swasta,Tidak bekerja / Pensiunan,Lebih dari Rp. 8.000.000 per bulan,Kurang dari Rp 2.000.000 per bulan,"Komputasi Visual dan Interaksi (Pengolahan Citra Digital, Computer Vision, Interaksi Manusia dan Komputer, Multimedia)",Slide presentasi (PowerPoint) dari dosen,Active,Intuitive,Verbal,Sequential,1 - 2 jam,Peningkatan keterampilan,tidak ada,IPA,Makassar,1,2,8,4,1,3,3.8,3.50–4.00,0,1,0,0,0,0,0
2026-02-01 12:12:27.154,Teknik Informatika,Perempuan,22,toraja,Kota Makassar,Sulawesi Selatan,SMA-IT Ar-Rahma Makassar,IPA,3.7,Menengah,SMA,D4 / S1,TNI / Polri,Pegawai Negeri Sipil (PNS),Rp 5.000.000 - Rp 8.000.000 per bulan,Rp 5.000.000 - Rp 8.000.000 per bulan,"Komputasi Visual dan Interaksi (Pengolahan Citra Digital, Computer Vision, Interaksi Manusia dan Komputer, Multimedia)","Video pembelajaran (YouTube, e-learning, dll.)",Active,Intuitive,Visual,Sequential,30 menit - 1 jam,Penghargaan atau sertifikat,tidak ada,IPA,Makassar,1,2,8,3,3,2,3.7,3.50–4.00,0,0,1,0,0,0,0
2026-02-01 12:08:11.894,Teknik Informatika,Perempuan,21,Bugis,Pinrang,Sulawesi Selatan,SMKN 1 PINRANG,Multimedia,.,Menengah,SMA,SMA,Buruh / Petani / Nelayan,Tidak bekerja / Pensiunan,Kurang dari Rp 2.000.000 per bulan,Kurang dari Rp 2.000.000 per bulan,"Sistem dan Jaringan Komputer (Jaringan Komputer, Sistem Operasi, Cloud Computing, Keamanan Siber)","Slide presentasi (PowerPoint) dari dosen, Video pembelajaran (YouTube, e-learning, dll.)",Active,Intuitive,Verbal,Global,1 - 2 jam,Other..,Saya termotivasi untuk belajar karena ingin memahami materi secara menyeluruh agar dapat mengaplikasikannya dalam kehidupan nyata dan menunjang pengembangan diri serta kesiapan akademik maupun karier di masa depan.,Multimedia,Pinrang,1,7,14,1,1,3,3.71,3.50–4.00,0,1,1,0,0,0,0
2026-02-01 12:04:24.570,Teknik Informatika,Perempuan,21,Bugis,Mimika,Papua Tengah,SMA Wahdah Islamiyah Makassar,IPA,"3,77",Menengah,SD,SMA,Tidak bekerja / Pensiunan,Tidak bekerja / Pensiunan,Kurang dari Rp 2.000.000 per bulan,Kurang dari Rp 2.000.000 per bulan,"Komputasi Visual dan Interaksi (Pengolahan Citra Digital, Computer Vision, Interaksi Manusia dan Komputer, Multimedia)","Video pembelajaran (YouTube, e-learning, dll.), Media interaktif (simulasi, animasi, aplikasi edukasi)",Reflective,Sensing,Visual,Sequential,30 menit - 1 jam,Tantangan akademis,-,IPA,Lainnya,1,2,5,1,1,2,3.77,3.50–4.00,0,0,1,1,0,0,0
2026-01-28 17:13:23.373,Teknik Informatika,Perempuan,21,Buton,Wakatobi,Sulawesi Tenggara,SMA Negeri 1 Wangi-Wangi,IPA,"3,85",Menengah,D4 / S1,SMA,Pegawai Negeri Sipil (PNS),Tidak bekerja / Pensiunan,Rp 2.000.000 - Rp 5.000.000 per bulan,Kurang dari Rp 2.000.000 per bulan,"Komputasi Visual dan Interaksi (Pengolahan Citra Digital, Computer Vision, Interaksi Manusia dan Komputer, Multimedia)","Slide presentasi (PowerPoint) dari dosen, Video pembelajaran (YouTube, e-learning, dll.), Media interaktif (simulasi, animasi, aplikasi edukasi)",Active,Sensing,Visual,Sequential,Kurang dari 30 menit,Tantangan akademis,Tidak ada,IPA,Lainnya,1,2,5,2,1,1,3.85,3.50–4.00,0,1,1,1,0,0,0
2026-01-28 17:01:58.771,Teknik Informatika,Perempuan,19,Makassar,Kota Makassar,Sulawesi Selatan,SMAN 8 Ternate,IPA,3.95,Menengah,S3,S2,Profesional (Dokter / Pengacara / dll.),Pedagang / Wiraswasta,Lebih dari Rp. 8.000.000 per bulan,Rp 2.000.000 - Rp 5.000.000 per bulan,"Sistem dan Jaringan Komputer (Jaringan Komputer, Sistem Operasi, Cloud Computing, Keamanan Siber)","Video pembelajaran (YouTube, e-learning, dll.), Media interaktif (simulasi, animasi, aplikasi edukasi), Website atau platform pembelajaran daring (Coursera, Udemy, Dicoding, dll.), Coding platform atau IDE (misalnya: repl.it, Jupyter, VS Code)",Active,Sensing,Visual,Sequential,1 - 2 jam,Peningkatan keterampilan,-,IPA,Makassar,1,2,8,4,2,3,3.95,3.50–4.00,0,0,1,1,1,0,1
2026-01-28 16:58:56.404,Teknik Informatika,Perempuan,21,Bugis,Soppeng,Sulawesi selatan,Man 1 Soppeng,IPA,"3,76",Menengah,D4 / S1,D4 / S1,Pegawai Negeri Sipil (PNS),Tidak bekerja / Pensiunan,Rp 2.000.000 - Rp 5.000.000 per bulan,Kurang dari Rp 2.000.000 per bulan,"Data dan Kecerdasan Buatan (Basis Data, Kecerdasan Buatan, Machine Learning, Data Mining)","Slide presentasi (PowerPoint) dari dosen, Video pembelajaran (YouTube, e-learning, dll.)",Active,Sensing,Visual,Sequential,30 menit - 1 jam,Tantangan akademis,-,IPA,Lainnya,1,2,5,2,1,2,3.76,3.50–4.00,0,1,1,0,0,0,0
2026-01-28 16:51:53.309,Teknik Informatika,Perempuan,22,Bugis,Sinjai,Sulawesi Selatan,MAN 1 SINJAI,IPA,3.92,Menengah,D4 / S1,SMA,TNI / Polri,Pedagang / Wiraswasta,Rp 5.000.000 - Rp 8.000.000 per bulan,Lebih dari Rp. 8.000.000 per bulan,"Data dan Kecerdasan Buatan (Basis Data, Kecerdasan Buatan, Machine Learning, Data Mining)","Slide presentasi (PowerPoint) dari dosen, Video pembelajaran (YouTube, e-learning, dll.)",Active,Sensing,Verbal,Sequential,30 menit - 1 jam,Other..,Saya merasa itu sudah menjadi tanggung jawab yang harus saya selesaikan. Jadi saya berusaha menuntaskan setiap pembelajaran atau pelatihan dengan baik ,IPA,Sinjai,1,2,15,3,4,2,3.92,3.50–4.00,0,1,1,0,0,0,0
2026-01-28 16:49:57.003,Teknik Informatika,Perempuan,21,bugis,Enrekang,Sulawesi Selatan,SMAN 1 ENREKANG,IPA,.,Menengah,SMP,SMA,Pedagang / Wiraswasta,Tidak bekerja / Pensiunan,Kurang dari Rp 2.000.000 per bulan,Kurang dari Rp 2.000.000 per bulan,"Data dan Kecerdasan Buatan (Basis Data, Kecerdasan Buatan, Machine Learning, Data Mining)","Slide presentasi (PowerPoint) dari dosen, Video pembelajaran (YouTube, e-learning, dll.)",Active,Sensing,Visual,Sequential,30 menit - 1 jam,Other..,.,IPA,Enrekang,1,2,1,1,1,2,3.71,3.50–4.00,0,1,1,0,0,0,0
2026-01-28 16:46:09.976,Teknik Informatika,Perempuan,21,Makassar ,Gowa,Sulawesi Selatan ,SMA NEGERI 1 LUWU UTARA,IPA,3.9,Menengah,SMA,SMA,Pedagang / Wiraswasta,Tidak bekerja / Pensiunan,Rp 5.000.000 - Rp 8.000.000 per bulan,Kurang dari Rp 2.000.000 per bulan,"Pengembangan Perangkat Lunak (Pemrograman, Rekayasa Perangkat Lunak, Pengembangan Web & Aplikasi Mobile)","Buku teks atau modul cetak, Video pembelajaran (YouTube, e-learning, dll.), Media interaktif (simulasi, animasi, aplikasi edukasi), Coding platform atau IDE (misalnya: repl.it, Jupyter, VS Code)",Active,Sensing,Verbal,Global,1 - 2 jam,Peningkatan keterampilan,Saya tidak pernah memilih lainnya ,IPA,Gowa,1,2,2,3,1,3,3.9,3.50–4.00,1,0,1,1,0,0,1
2026-01-28 16:33:15.887,Teknik Informatika,Perempuan,22,-,Luwu,Sulewesi selatan,SMAN 5 LUWU,IPS,"3,60",Menengah,SMA,SMA,Pedagang / Wiraswasta,Pedagang / Wiraswasta,Kurang dari Rp 2.000.000 per bulan,Kurang dari Rp 2.000.000 per bulan,"Teknologi dan Inovasi Digital (Robotika, Internet of Things, Blockchain, Teknologi Baru lainnya)","Buku teks atau modul cetak, Slide presentasi (PowerPoint) dari dosen",Reflective,Sensing,Verbal,Global,Kurang dari 30 menit,Penghargaan atau sertifikat,-,IPS,Luwu,1,3,6,1,1,1,3.6,3.50–4.00,1,1,0,0,0,0,0
2026-01-28 15:19:50.069,Teknik Informatika,Perempuan,20 tahun,Bugis,Gowa,Sulawesi Selatan ,SMAN 19 GOWA,IPA,"3,86",Menengah,SMA,SMA,Buruh / Petani / Nelayan,Tidak bekerja / Pensiunan,Kurang dari Rp 2.000.000 per bulan,Kurang dari Rp 2.000.000 per bulan,"Data dan Kecerdasan Buatan (Basis Data, Kecerdasan Buatan, Machine Learning, Data Mining)","Buku teks atau modul cetak, Video pembelajaran (YouTube, e-learning, dll.), Forum diskusi online atau grup belajar (WhatsApp, Telegram, LMS, dll.)",Reflective,Sensing,Visual,Sequential,30 menit - 1 jam,Tantangan akademis,-,IPA,Gowa,1,2,2,1,1,2,3.86,3.50–4.00,1,0,1,0,0,1,0
2026-01-28 15:15:39.859,Teknik Informatika,Perempuan,19,Arui Sai,Kep.yapen,Papua,Ponpes Faqihul Ilmi Makassar,IPS,3.78,Menengah,D4 / S1,SMA,Karyawan Swasta,Tidak bekerja / Pensiunan,Kurang dari Rp 2.000.000 per bulan,Kurang dari Rp 2.000.000 per bulan,"Pengembangan Perangkat Lunak (Pemrograman, Rekayasa Perangkat Lunak, Pengembangan Web & Aplikasi Mobile)","Buku teks atau modul cetak, Video pembelajaran (YouTube, e-learning, dll.), Media interaktif (simulasi, animasi, aplikasi edukasi)",Reflective,Sensing,Visual,Sequential,1 - 2 jam,Peningkatan keterampilan,.,IPS,Lainnya,1,3,5,1,1,3,3.78,3.50–4.00,1,0,1,1,0,0,0
2026-01-28 14:54:36.163,Teknik Informatika,Perempuan,19,Bugis,Maros,Sulawesi Selatan,SMAIT AL-ISHLAH MAROS,IPA,90,Menengah,SMA,SMA,Karyawan Swasta,Pedagang / Wiraswasta,Rp 5.000.000 - Rp 8.000.000 per bulan,Rp 2.000.000 - Rp 5.000.000 per bulan,"Pengembangan Perangkat Lunak (Pemrograman, Rekayasa Perangkat Lunak, Pengembangan Web & Aplikasi Mobile)",Slide presentasi (PowerPoint) dari dosen,Reflective,Sensing,Visual,Sequential,30 menit - 1 jam,Peningkatan keterampilan,-,IPA,Maros,1,2,11,3,2,2,3.71,3.50–4.00,0,1,0,0,0,0,0
2026-01-28 14:03:34.552,Teknik Informatika,Perempuan,21,Tolaki,Kab. Konawe,Sulawesi Tenggara,MA Baitul Arqom Polinggona,IPA,"3,85",Menengah,D4 / S1,D4 / S1,Pegawai Negeri Sipil (PNS),Pegawai Negeri Sipil (PNS),Rp 5.000.000 - Rp 8.000.000 per bulan,Rp 5.000.000 - Rp 8.000.000 per bulan,"Pengembangan Perangkat Lunak (Pemrograman, Rekayasa Perangkat Lunak, Pengembangan Web & Aplikasi Mobile)","Slide presentasi (PowerPoint) dari dosen, Video pembelajaran (YouTube, e-learning, dll.), Media interaktif (simulasi, animasi, aplikasi edukasi), Website atau platform pembelajaran daring (Coursera, Udemy, Dicoding, dll.)",Active,Sensing,Visual,Sequential,30 menit - 1 jam,Peningkatan keterampilan,-,IPA,Konawe,1,2,4,3,3,2,3.85,3.50–4.00,0,1,1,1,1,0,0
2026-01-28 14:01:48.384,Teknik Informatika,Perempuan,22,Bugis,Sinjai,Selawesi Selatan,SMKN 01 Sinjai,Akuntansi,3.8,Menengah,SMA,SMA,Karyawan Swasta,Karyawan Swasta,Rp 5.000.000 - Rp 8.000.000 per bulan,Rp 2.000.000 - Rp 5.000.000 per bulan,"Pengembangan Perangkat Lunak (Pemrograman, Rekayasa Perangkat Lunak, Pengembangan Web & Aplikasi Mobile)","Video pembelajaran (YouTube, e-learning, dll.), Media interaktif (simulasi, animasi, aplikasi edukasi)",Active,Sensing,Verbal,Sequential,Lebih dari 2 jam,Peningkatan keterampilan,-,Akuntansi,Sinjai,1,0,15,3,2,4,3.8,3.50–4.00,0,0,1,1,0,0,0
2026-01-28 13:14:55.601,Teknik Informatika,Laki - Laki,21,Bugis,Kolaka,Sulawesi Tenggara,SMA Negeri 1 Wundulako,IPA,3.95,Menengah,SMA,D4 / S1,Pedagang / Wiraswasta,Pegawai Negeri Sipil (PNS),Kurang dari Rp 2.000.000 per bulan,Rp 2.000.000 - Rp 5.000.000 per bulan,"Teknologi dan Inovasi Digital (Robotika, Internet of Things, Blockchain, Teknologi Baru lainnya)","Slide presentasi (PowerPoint) dari dosen, Video pembelajaran (YouTube, e-learning, dll.), Media interaktif (simulasi, animasi, aplikasi edukasi)",Reflective,Sensing,Visual,Sequential,Kurang dari 30 menit,Peningkatan keterampilan,Tidak ada,IPA,Lainnya,0,2,5,1,2,1,3.95,3.50–4.00,0,1,1,1,0,0,0
2026-01-27 12:42:45.828,Teknik Informatika,Laki - Laki,21,Bugis,Sidenreng Rpapang,Sulawesi Selatan,SMAN 2 SIDRAP,IPA,"3,91",Menengah,SMA,SMA,Pedagang / Wiraswasta,Pedagang / Wiraswasta,Rp 5.000.000 - Rp 8.000.000 per bulan,Rp 5.000.000 - Rp 8.000.000 per bulan,"Teknologi dan Inovasi Digital (Robotika, Internet of Things, Blockchain, Teknologi Baru lainnya)","Buku teks atau modul cetak, Video pembelajaran (YouTube, e-learning, dll.), Media interaktif (simulasi, animasi, aplikasi edukasi), Forum diskusi online atau grup belajar (WhatsApp, Telegram, LMS, dll.), Website atau platform pembelajaran daring (Coursera, Udemy, Dicoding, dll.), Coding platform atau IDE (misalnya: repl.it, Jupyter, VS Code)",Active,Sensing,Visual,Sequential,30 menit - 1 jam,Peningkatan keterampilan, ,IPA,Lainnya,0,2,5,3,3,2,3.91,3.50–4.00,1,0,1,1,1,1,1
2026-01-25 08:11:55.405,Lainnya:,Perempuan,22,Makassar ,Makassar ,Sulawesi Selatan ,SMAIT AR-RAHMAH,IPA,"3,96",Menengah,SMA,SMA,Profesional (Dokter / Pengacara / dll.),Tidak bekerja / Pensiunan,Lebih dari Rp. 8.000.000 per bulan,Kurang dari Rp 2.000.000 per bulan,"Teknologi dan Inovasi Digital (Robotika, Internet of Things, Blockchain, Teknologi Baru lainnya)","Buku teks atau modul cetak, Video pembelajaran (YouTube, e-learning, dll.)",Active,Sensing,Verbal,Sequential,1 - 2 jam,Peningkatan keterampilan,Manajemen ,IPA,Makassar,1,2,8,4,1,3,3.96,3.50–4.00,1,0,1,0,0,0,0
2026-01-24 05:13:58.805,Teknik Informatika,Perempuan,21,Bugis,Enrekang ,Sulawesi Selatan ,SMAN 2 ENREKANG,IPA,3.7,Menengah,S2,SMA,Tidak bekerja / Pensiunan,Tidak bekerja / Pensiunan,Rp 2.000.000 - Rp 5.000.000 per bulan,Kurang dari Rp 2.000.000 per bulan,"Data dan Kecerdasan Buatan (Basis Data, Kecerdasan Buatan, Machine Learning, Data Mining)","Slide presentasi (PowerPoint) dari dosen, Video pembelajaran (YouTube, e-learning, dll.), Website atau platform pembelajaran daring (Coursera, Udemy, Dicoding, dll.)",Active,Sensing,Verbal,Sequential,30 menit - 1 jam,Peningkatan keterampilan,-,IPA,Enrekang,1,2,1,2,1,2,3.7,3.50–4.00,0,1,1,0,1,0,0
2025-07-29 11:59:55.415,Teknik Informatika,Laki - Laki,22,BUGIS,SIIDENRENG RAPPANG,SUL-SEL,SMAN 3 SIDRAP,IPA,Lainnya,Menengah,SMA,SD,Buruh / Petani / Nelayan,Pedagang / Wiraswasta,Rp 2.000.000 - Rp 5.000.000 per bulan,Rp 2.000.000 - Rp 5.000.000 per bulan,"Sistem dan Jaringan Komputer (Jaringan Komputer, Sistem Operasi, Cloud Computing, Keamanan Siber)","Buku teks atau modul cetak, Video pembelajaran (YouTube, e-learning, dll.)",Active,Intuitive,Visual,Sequential,30 menit - 1 jam,Peningkatan keterampilan,TDK tau ipk waktu SMA berapa.,IPA,Lainnya,0,2,5,2,2,2,3.71,3.50–4.00,1,0,1,0,0,0,0
2025-07-23 22:57:37.583,Teknik Informatika,Laki - Laki,21,Bugis,Maros,Sulawesi Selatan,SMK Kebangsaan Indonesia Maros,TKJ,4,Rendah,SMP,D4 / S1,Tidak bekerja / Pensiunan,Pegawai Negeri Sipil (PNS),Kurang dari Rp 2.000.000 per bulan,Rp 2.000.000 - Rp 5.000.000 per bulan,"Pengembangan Perangkat Lunak (Pemrograman, Rekayasa Perangkat Lunak, Pengembangan Web & Aplikasi Mobile)","Forum diskusi online atau grup belajar (WhatsApp, Telegram, LMS, dll.), Coding platform atau IDE (misalnya: repl.it, Jupyter, VS Code)",Active,Sensing,Verbal,Global,30 menit - 1 jam,Peningkatan keterampilan,-,TKJ,Maros,0,9,11,1,2,2,4.0,3.50–4.00,0,0,0,0,0,1,1
2025-07-23 20:27:34.427,Teknik Informatika,Laki - Laki,21,Bugis,Pinrang,Sulawesi Selatan,Ath-Thahiriyah,IPS,2.47,Menengah,SMP,SMA,Buruh / Petani / Nelayan,Profesional (Dokter / Pengacara / dll.),Kurang dari Rp 2.000.000 per bulan,Kurang dari Rp 2.000.000 per bulan,"Sistem dan Jaringan Komputer (Jaringan Komputer, Sistem Operasi, Cloud Computing, Keamanan Siber)",Buku teks atau modul cetak,Active,Intuitive,Visual,Sequential,1 - 2 jam,Peningkatan keterampilan,pekerjaan oratua/ibu (IRT),IPS,Pinrang,0,3,14,1,1,3,2.47,< 2.75,1,0,0,0,0,0,0
2025-07-23 17:45:00.316,Teknik Informatika,Laki - Laki,20,Tolaki ,Konawe Selatan ,Sulawesi Tenggara ,SMA NEGERI 3 KONAWE SELATAN ,IPA,3.01,Menengah,SMA,D4 / S1,Pedagang / Wiraswasta,Tenaga Pendidik (Dosen/Guru),Rp 2.000.000 - Rp 5.000.000 per bulan,Rp 2.000.000 - Rp 5.000.000 per bulan,"Data dan Kecerdasan Buatan (Basis Data, Kecerdasan Buatan, Machine Learning, Data Mining)","Video pembelajaran (YouTube, e-learning, dll.)",Reflective,Sensing,Visual,Sequential,30 menit - 1 jam,Peningkatan keterampilan,-,IPA,Lainnya,0,2,5,2,2,2,3.01,3.00–3.50,0,0,1,0,0,0,0
2025-07-23 16:16:17.186,Teknik Informatika,Laki - Laki,18,Bugis,Wajo,Sulawesi Selatan,MA As'Adiyah Callaccu,IPA,3.69,Menengah,SMA,SMA,Pedagang / Wiraswasta,Pedagang / Wiraswasta,Rp 2.000.000 - Rp 5.000.000 per bulan,Rp 2.000.000 - Rp 5.000.000 per bulan,"Pengembangan Perangkat Lunak (Pemrograman, Rekayasa Perangkat Lunak, Pengembangan Web & Aplikasi Mobile)","Video pembelajaran (YouTube, e-learning, dll.), Media interaktif (simulasi, animasi, aplikasi edukasi), Website atau platform pembelajaran daring (Coursera, Udemy, Dicoding, dll.)",Active,Sensing,Verbal,Sequential,1 - 2 jam,Peningkatan keterampilan,-,IPA,Wajo,0,2,17,2,2,3,3.69,3.50–4.00,0,0,1,1,1,0,0
2025-07-23 15:46:23.959,Teknik Informatika,Laki - Laki,22,bugis,Kota makassar,Sulawesi selatan,SMA Athirah,IPS,...,Menengah,S3,S2,Tidak bekerja / Pensiunan,Tidak bekerja / Pensiunan,Rp 5.000.000 - Rp 8.000.000 per bulan,Rp 5.000.000 - Rp 8.000.000 per bulan,"Data dan Kecerdasan Buatan (Basis Data, Kecerdasan Buatan, Machine Learning, Data Mining)","Slide presentasi (PowerPoint) dari dosen, Video pembelajaran (YouTube, e-learning, dll.)",Active,Sensing,Visual,Sequential,1 - 2 jam,Peningkatan keterampilan,-,IPS,Makassar,0,3,8,3,3,3,3.71,3.50–4.00,0,1,1,0,0,0,0
2025-07-23 15:13:34.789,Teknik Informatika,Laki - Laki,19,Jawa,Luwu Timur ,Sulawesi Selatan ,SMAN 2 Luwu Timur ,IPA,"3,74",Menengah,D4 / S1,D4 / S1,Karyawan Swasta,Pegawai Negeri Sipil (PNS),Rp 2.000.000 - Rp 5.000.000 per bulan,Rp 2.000.000 - Rp 5.000.000 per bulan,"Sistem dan Jaringan Komputer (Jaringan Komputer, Sistem Operasi, Cloud Computing, Keamanan Siber)","Video pembelajaran (YouTube, e-learning, dll.), Media interaktif (simulasi, animasi, aplikasi edukasi)",Active,Sensing,Visual,Sequential,1 - 2 jam,Peningkatan keterampilan,-,IPA,Luwu Timur,0,2,7,2,2,3,3.74,3.50–4.00,0,0,1,1,0,0,0
2025-07-23 15:06:44.550,Teknik Informatika,Laki - Laki,19,Buton ,Buton Tengah ,Sulawesi Tenggara ,SMAN 1 GU,IPS,3.46,Rendah,S2,D4 / S1,Tidak bekerja / Pensiunan,Tenaga Pendidik (Dosen/Guru),Kurang dari Rp 2.000.000 per bulan,Rp 2.000.000 - Rp 5.000.000 per bulan,"Sistem dan Jaringan Komputer (Jaringan Komputer, Sistem Operasi, Cloud Computing, Keamanan Siber)",Buku teks atau modul cetak,Reflective,Sensing,Visual,Sequential,30 menit - 1 jam,Penghargaan atau sertifikat,-,IPS,Lainnya,0,3,5,1,2,2,3.46,3.00–3.50,1,0,0,0,0,0,0
